X,Name,CreditCard_number,CreditCard_provider
0,tammy cameron,3547051270124297,discover
1,NA,6.30422E+11,American Express
2,Kev$in Ro!berts,3538649420218645,JCB (16 digit
3,RONALD+ MY)ERS,5535183002643697 ,VISA 13 DIGIT 
4,Daw)n Reynolds,4.61505E+12,VISA 16 di!git
5,Cameron* #Cro$ss,6.76336E+11,JCB 15 dig-it
NA,Brenda Vasquez,4675069051518273,JCB 15 digit
7,Karen Savage,4.69536E+12,Maes^t%ro
8,Emily Gibson ,4776300928406519,JCB 15 digi!t
NA,K&aren Figueroa,1.80041E+14,V*ISA! 16 digit
10,John Taylor,5.8205E+11,NA
11,Scott Wa@tkins,3.05682E+13,JC)B 15 digi#t
12,Ronald Bowen,4486213113002849792,JC#B 16 digit
13,NA,2270370225398128,VISA 16( %di$git
14,Kelli Vargas,4554128001535039,American Exp$ress
15,Jil^l(ia(n) M^oore,NA,Diners Club_ / Carte Blanche
16,Timothy Young,5534353623897243,Maestro
NA,Lisa Johnson,4910514932694319,NA
18,Johnny Nolan,4347272073813643,Mastercard
NA,E+ric Car.ter,4258822297510982,VISA 13 digit
20,Am!anda Al#v%ara+d+o,6.76137E+11,VISA 19 di$git
21,Kat*ie Marshal%l,NA,JCB 16 digit
22,William Webb,1.80087E+14,Mastercard
23,Mario Horn_e,60482039660,VISA 13 digit
24,Jessi-ca Jacks.o.n,3.77118E+14,American Express
25,NA,3537097462928823,Masterca*rd
26,@Angel&a Curtis,6011599241840698,J-C)B 15_ digit
27,Ch#arles Torres,3.4201E+14,JCB 15 digit
28,NA,NA,VISA 19 digit
29,Paula Cruz,6011473136786988,Maestro
30,NA,4190338043966633984,American^ $Exp)ress
31,A.rthur Carr,NA,JCB 16 digit
32,C+hristo&pher H&unt,2252010476479910,NA
33,Paige Clayton,3.41361E+14,NA
34,Mary +Wright,3.72191E+14,Discover
35,Karen M*arsh,NA,VIS*A 16 digit
36,Mallory Thomp-son,3514474536573967,J^CB 16 di+gi%t
37,Kenneth Mann,3576999133137274,JCB @16 digi.t
38,Caitlin Kaiser,5165118154168470,Am_erican Expres_s
39,Jonath-an Martinez,3510412966556213,JC#B 16 digit 
40,Alexa Smith ,3.64262E+13,Diners Club / Ca*rte !Blanche
NA,Cry$stal Hampton,1.80098E+14,JC(B_ 15 d#igit
42,Joe.l King,6537004092596494,_VISA 13 d&igit
43,Michael Tu@rner,4236422494979307008,VISA 13* digi!t 
44,Heathe_r White,3555119262557854,NA
45,Elizabeth Jo)n!es,4192916621817821,JCB 16 digit
46,Nicole Davila,3530457852210678,VISA 16 digit
47,Hector Fit_zge+ra.ld,4158318892681337 ,Maestro
48,Ja%m^ie& Mathis,2495329337436704,VISA. @16 digit
49,Amy Ro.dri$guez,3538448020161499,America.n E-xpress 
50,Sh)aron Lloy@d,3571660397084645,NA
51,chelsea delga@d)o,4.21945E+12,visa+ 16 d&igit
52,da$wn w)eber,4957469399073933,!visa 13( digit
NA,Dr.+ Krist$a+ Hernandez,2.13147E+14,Mae!stro
54,Patricia Williams,3.73926E+14,VI&SA 16 d-igit
55,$Shannon Morales,4542949725680099,JCB 16 digit 
56,Miss Carol Williams,3555374177079391,VIS%A 1%6 digit
57,Eric!a M+ur^phy,4875986425661299,Mae#str#o
58,%B(ri%an Floyd,4.45334E+12,VIS(A 1$6+ digit
59,*Matthew C+lark,1.80084E+14,Ma)estro
60,M%r. Edward Jackso+n,3.75698E+14,J$CB $16$ dig.it
61,Mic-hael $Robinson,3.02065E+13,Maestro
NA,Rebe%cca Lawr-enc.e,NA,JCB 16 digit
NA,J_ohn Tor(r)es,2.13133E+14,VI*S.A 16 digit
64,ANGE(LA _DAVIS,4.39253E+12,VIS&A& 16 DIGIT
65,TANNER .JE^NNING*S,6.30473E+11,VISA 16 ^DIGIT
66,Mir^an@da W*ebb,3571554462617209,D(iscover
67,Tara &Hoover ,2507956927326303,!Maestro
68,M!i_chelle More!no,4.5103E+12,Diners$ Club / Carte Blan#che
NA,Barba$ra Douglas,3.73861E+14,American Express
70,Kimberly Her(rera,2.13173E+14,V-ISA 19- digit
71,Jessica H&a-ll,4952195673770167296,@VISA 16 dig*it
72,B(rent Herman,3.05409E+13,VISA 16 digit
73,K!imberly #Hanco&ck,4976930235319779,VISA! 19 $d.igit
74,Stephen H.ar_tman,2298934058718831 ,VISA 13 @d^igit
75,Reb)ec@ca Vasque(z,5273371645235031,Diners Club / C&arte Bl+a.nch_e
76,*D#r. Tami Perk#in*s,NA,JCB 16 @digit
77,NICHOLAS THOMA#S,4539888214712143,#D)INERS CLUB /( CART#E BLANCHE
78,Patricia Estrada,3586405220406075,JCB 1)6 di.git
79,alex$is castro,4516616639137183232,jcb 16! d)igi-t
80,MARY %ROSE,3585024000146933,NA
81,Elizabe@th Sny-der,3556250452471884,+JCB_ $16 digit
82,John Frazi%er,6598072498142821,JCB 15 digit
83,Ky+l(e Taylo)r,4018049060712014,VISA^ 16 d.igit
84,Joan Cumming^s,3505128454770937,JCB )1@6 digit
85,Brooke Hayes,3588946676095464,Discover
86,St)ev)e (Sanchez ,6.7597E+11,NA
87,Ta^mmy Shepa+rd ,6011433397618981,JCB_ 16 digit
88,Mario &Frost,4383318906221577216,VISA 16 dig@it
89,Mark Potter,2643193636176523,NA
90,Micha@el N)e#wton,6011644900974337,VISA+ 13 digit
91,Andrew* Morrow,4710931019511179264,NA
92,Thom.as Andrade,3503106475092723,Maestro
93,David .Ra^mi_rez,3.4078E+14,^VISA 1.6 digit
94,Mary Carter ,4238265804186604,M&ast&ercard
95,Andrew Johnso#n,3.02403E+13,VISA ^19 digit
96,Vanessa Lope-z,2416644938859195,NA
97,_Tonya Lloyd,3551218906248260,VISA 13 digit
98,Sco-tt Barton,6533154624777783,V&ISA @13 digit
99,Kaitlin Edwards,1.80057E+14,Discover
100,!Steve Hicks,NA,*Mastercard
101,Nicholas Meadows ,3575680286716129,JCB 16 digit
102,Lindsey Fish*er,4.564E+12,&JC)B 16 di#gi_t
NA,michael harrison,4156861352711864,american exp_res&s
104,David Mcintosh,4068450450318645 ,Mastercard 
105,Alexandr+a Ca!st.illo,2470009917995449,American Express
106,Sharon Frey,4008335958089267200,Mastercard 
107,^Amanda _Villa,3542339216142738,Diners #Club( / Carte Blanche
108,Oliv!ia !Log_an,NA,+JCB 15 !digit
NA,Natalie Conway,4294847039466621440,VIS.A $16 digit
110,D#ebo@rah) Valentine,3573236216433756,Ma$stercard
111,Will*iam Smith,2242145833076018,Disc*over
112,Michael Johnson,5.03853E+11,Maestro
NA,De^rek Ray,4714052984010009,Diners Club / Carte Blanche
114,Adrian!a Kirk,4160552874026535,%Mas!t&ercard
115,Elizabeth Garcia,6011849103682195,^JC&B 1-6 digit
116,Christopher Barber,4756288110794107904,VI_SA! 16 digit
117,A*shley Wilson,3577911482654527,NA
118,Ran(dy Johnson,4.80069E+12,Mastercar+d
119,Daniel At#kins,NA,JCB* 16 digit 
120,kathy donaldson,4877864305250988,discover
NA,NA,6011605779594183 ,Discover
122,NA,4412751229179371 ,JC#B &16 digit
123,Tyler Johnson,4593728933849508,JCB 15 digi@t
124,Angela _Blevins,2.13163E+14,JC$B 16 d$i*git
125,Andre!w Sanchez,6011630254720772,VISA 1&9 $digit
126,J+ason Lopez,4029875307075634 ,Maste(rc#ard
127,Laura Coleman,3521915619757787,JCB 16 digit
128,NA,4.77357E+12,VISA 16 digit
129,Tanya Cruz,NA,JCB 15 digit
130,Tamara G-or-don,2257690513129118,VISA 16 digit
131,Rachel Cross,2282682867618837,NA
132,Leslie @Rodriguez ,NA,VISA 16 digit
133,Meghan Wate#rs,4269865970235317,JCB 16 digit
134,Elizabeth Nel.son,3515169507761935,VI$SA 13 digit 
135,Se_an Zamora,3591295316046825,%JCB 16 digit
136,Amanda Miles,1.80029E+14,Maestro
137,.Jeanne Melton *PhD,4600810775181967 ,VISA 19. digit
138,Heat!her Pierce,3.41246E+14,JCB 16 digit
139,Kiara Clar*k,4.36082E+12,Ame@ri%can^ Express
140,NA,6011297145073801,VISA 16 digi%t 
141,Robin Thompson,4366095402917637,JCB 15 digit 
142,Victor Ewing,3.00322E+13,VISA 13 digit
143,NA,2.13163E+14,Discove(r
NA,Andr%ew Rodriguez,3545335845656681,VISA _13 d!igi@t
145,NA,6011214821779700,V)ISA _1*9 digit
NA,David Law)son,3.0091E+13,VISA 13 digi$t
147,Carl Miller,NA,JCB 15 dig-it
148,jennifer orr,2661704067482706 ,jcb 16 digit
NA,Alyssa Munoz,2698027834859080,Di.scover
150,S&tacey Bowers,4105604492363853,VISA 19 digit 
151,Kathleen Stewart,3555633155127062,Mastercard
152,Kenneth W-oo&d,3514123756275064,@VISA 16 digit
153,Robert Blackwe*ll,4113015051783391,JCB( 16 digit
154,Kim*berly Lowe,3.02587E+13,JCB 16% digit
155,NA,2354319595322340,VI.SA 13 digit 
156,David* @Gomez,4587442551411512,D&iners %Club /! Carte #Blanche
157,Ali-cia #C&ro%sby,3566325436746722,Discover
158,D*awn& Carlso.n,6549738607290855,Ame+rican Expr-ess
159,Jeremy Davis,3.79441E+14,%VISA 13 dig(it 
160,Courtney -Tuc(ker,5556553125009584,_Mastercard
161,Rebecca Alv!a)rado,1.80041E+14,American Express
162,Toni Cherry,3557137213009989,V#ISA 19 di.git
163,Michae-l. N&ichols%on,2.13106E+14,Discover
164,April @Nelson,3.02106E+13,VISA 16 digit
165,Laura Sanchez,4.63529E+12,Di^ners *Club / Carte Bla*nche
166,NA,4116386154304022,JCB 15 )di&git
167,Andrew *A!lv+a&rez,6582187487966788 ,VISA 13 digi@t
168,Eric Contreras,4879509395654643,VISA 13* digi@t
169,NA,3.48275E+14,Discover
170,Dawn Ward,2.13113E+14,VISA 1+3 d&igit
171,NA,2276827407949162,+JCB @15 digit
172,April B-aker,5.03881E+11,M)ae-stro
173,M#elissa Powe!r@s,5.8869E+11,JCB 15 digit
174,Jade @H+orn,4684205600490577,Maestro
175,NA,NA,NA
176,Matt_hew Ross,4471554852184728,VISA 13 di-git
177,Gi%na Bennett,3.71532E+14,Mae$stro
178,Rachel Edwards,3.00996E+13,Diners Club ./. Carte Bla%nche
179,Meli.s!sa Mil$l-e+r ,1.80029E+14,JCB 16_ digit
180,Christopher Gallegos,NA,VIS(A 16 digit
181,Lisa Kline ,6011223105776514,+VISA 19 digit
182,Crystal) W*hit#e,4414625338909167,JC^B 16 di*gi*t
183,Tiffany. Gil&bert,3.02732E+13,JCB% 1*6 digit
184,Will^iam Robinson,1.80025E+14,.Mastercard
185,NA,3516195134707339,NA
186,DANIE+LLE TERRY,2238194975054876,VI(SA 16 DIGIT
187,S$amantha #H(ammond,3.88522E+13,VISA 16 digit
188,Jor#dan ^Stevenson,3.72913E+14,&VIS@A 19 di_gi!t
189,&Olivia Hobbs. MD,3536179058359976,Diners Club / Car_te Bla@nche
190,C*o!urtney* Kelly,1.80088E+14,JCB 1#6 digit
191,La-ura Barber,NA,VI$SA 1%6 digit 
192,Emily King ,3.02281E+13,VI$SA 19 digit
193,Kr@isten& Bright,6011614534434289,JCB 1)6 digit
194,#Jam.es Collins,1.80055E+14,JCB 15 digit
NA,T+ayl-or W+alker,4494273666679465472,&VISA 16 digit
196,Kenne&t)h Thomas,3556934764853513,M)aestro
197,&Alfred Fit+zgerald,6.76381E+11,Maestro
198,Tam@ara Miller,4810701307148992512 ,Maestr-o
199,Bet_h +Long,NA,VISA 19 digit
200,F+rank Edw.ard.s,5.03861E+11,(M)asterca&rd
201,Anthony H-err^ing,4551559034901202944,Discover
202,Sharon &Goodwin,4075802542314803,NA
203,Katherine* Larson ,2.13184E+14,_JCB 1$6 &digi)t
204,Fred Go@od_man,3.05379E+13,JCB+ 16 digit
205,Matthew W.a-rd,4717094256330571,VISA 16 di$git
NA,$Michael Mathis,2258597011261880,JCB 1.6 digit 
207,NA,4.13824E+12,(JCB& 16 di@git
208,Jeffrey Scott,6538394186290628,VISA 16 digit
209,N&icol+e %Schultz ,2267762526688501,Maestro
210,Nichole Leon ,6011115419697362,JC*B -15 dig.it
211,%A+ndrea #Jones,3566611108302658,Maestro
212,Lori L(in,4949906599770652 ,JCB$ _1(6 digit
213,#NAME?,4.14068E+12,Americ%an Ex)press
NA,L)isa Walsh PhD,5.01871E+11,Mastercard 
215,Elizab%e)th Dean,60452690906,VISA 16 digit
NA,NA,3.46592E+14,NA
217,STACIE MORR^IS,4195500947431439,V_I-SA 13 DIGI^T
218,Cody Newton ,4.02823E+12,JCB 16 digit
219,Christina R$ey-es,6519844366592733,Mastercard 
220,David %Joseph,NA,JCB 16 digit
221,Justin Lut*z,3549518046645605,VISA 13 digit
NA,NA,3.75321E+14,VISA 13 digit
223,Kelly William!s,3513712570482038,NA
224,)AMBER TUCKER,4.27306E+12,D)INERS CLUB / CARTE# BLANCHE
225,#NAME?,5.77296E+11,VISA %19 digit
226,raven anderson,3568491126137156,american express
227,A+l!lison Miller,3.46203E+14,Diners Club$ / .Carte Blan@che
228,Katherine Gonzales,6563725047806029,+VISA 13 digit
229,De)bra Steele ,3516837130857507,$American# Express
230,P$aul Cole,4937045647375091,VISA 19 d+igit
231,Ashle$y Fleming ,4147917345713836032,VISA 13 digit
232,S@co-tt Cortez,6.75954E+11,V!ISA &19 &di!git
233,NA,1.80037E+14,Ameri$can E$xpress
234,Alicia Vaughn,3538699960104549,JCB 16 ^digit
NA,mary douglas,1.80029E+14,NA
NA,Jason A_nd#erson,3.72959E+14,NA
237,NA,4502739796002804,_Maestro
238,Jos(eph Brown,6576438156959150,_Discover
239,)J*essica Pe$ter.s+o(n,2.13182E+14,JC*B 16+ digit 
NA,Adrian Gomez,6011971349368130,JC(B 15 digit
NA,Anita C(lark,3.45152E+14,American Exp#re(ss
242,J@ose Andr-ews ,2720308499401174,Disc_ove_r
243,REBECCA MARSHALL,6011629434973897,)DISCOVER
244,NA,2701046971927299,NA
245,Ashley. Dawson,4051987020294722,M%as%tercard
246,Angel( V_alenzuela,60410401883,JCB 16 digit
247,Wendy Sal-inas,4.9471E+12,D&iners Club !/ $Ca_rte Blanc*he
248,Tay&lor Moore ,5101387436106031 ,M.ast&ercard
249,Jenna Wallace,4218304386517268 ,VISA& 13 digit
250,NA,4549078059835153,NA
251,NA,1.80023E+14,JCB 16 digit
252,Melissa Douglas,NA,A*merican Express
253,Cathy Wi_ll#is,6.7618E+11,JCB 16_ digit
NA,NA,3.85808E+13,JCB 16 digit
255,Elizabeth #L.e*w*is,4.38354E+12,D%iner%s Club / @Car_te Blan-che
NA,JACOB HENRY,3571579121609198,NA
NA,Ernest Harris,2.13136E+14,NA
258,Mer!edith @Fe-rguson,4153918227974425,JCB 1#5- digit
259,Sheila Dav@idson,3511724297881147,JCB 16 digit
260,K#risten Adams,NA,JCB 15 digit
261,Li)sa Bol$t-on,2.13178E+14,V(ISA 16) digit
262,A^nita Erickson,4249857465481425408,NA
263,James !Poole ,NA,JC!B 15 digit
NA,NA,3589832394544927,JCB 16- d^igit
265,Jerry King,4.72995E+12,JCB 15 @digit
266,Ka.thleen Roberts,3537436504902117,Maestro
267,He%ather Fuentes,NA,JCB 16 digit
NA,Jus+ti)n Hernan+dez,2.13178E+14,D!iners Club / Carte Blanche
269,DA@VID FAR_RELL,2238831452868712,J%CB 16 #DIGI$T
NA,NA,4634909715628854272,Mastercar*d
271,Danie$lle *S)mi!t^h,4525064690542066176,Diners !Club / Car&te Blanche
272,Stephen Hunt,3.79657E+14,VISA 16 d+igit
273,#NAME?,4.94644E+12,Discover
274,Frank King,5526924977659833,Masterc&ard
275,Diana Martin,NA,Discover
276,_Saman$tha Rodriguez,3.03113E+13,NA
277,Hailey Jon.es,1.80047E+14,NA
278,michelle bryan,3537176677630174,diners& c+lub / carte b(la@nche
279,Jessica Ho,5.82385E+11,VISA %16 digit
280,David Flowers,6523309272523952,NA
281,$Susan M@cbride,6.76214E+11,VISA 16 %digit 
282,CAMERON MA+RTINEZ,3.42453E+14,MA&STERCARD
283,Daniel Pace,4274161724015830,NA
284,Fra^nk Smith,2.13123E+14,NA
285,Gin*a# Lopez,3.44385E+14,JCB 16 digit
286,Kath+erine Fowler,3512666585756953,JC_B 16 digi)t
287,#A*ndrea Cook ,2720303464624074,D(iscover
288,Nan!cy O-rte@ga,4738389815919059968,Discover
NA,)Emma Je!nsen,4218739663570276,Diners Club +/& Car&t-e Blanche
290,J.a$m_es Kennedy,3565681404312108,A*mer)ican Express
291,Christ$opher Martin,6.76232E+11,VISA 19 d%ig.it 
292,Julia Johns.on,4.40086E+12,VISA 16 *digit 
293,Kath&y Fields,2717138929785911,JCB 16 digit
294,Richard) Sto+ne,2386028971959383,JCB 16 di&git
295,dr. jamie medina,4780524401070914,america_n expr*ess
296,NA,4402195749703678,NA
297,Bradley White,3540447863026633,Maestro
298,Nicholas Zimmerman,3549010182020959,Ma.stercard 
299,Jamie( Medina,3.42362E+14,Diners *Club / Carte Bla)nche
300,Dr.. Michael Byrd,3.74326E+14,American @Express
301,R^ussell Stewart,6.39006E+11,NA
302,Richard @Cooke,4323214381945376 ,@JCB# 15 $digit
303,_Phi#lip Ho_lde^n,5234509964286501,VIS+A 16@ digit
304,amy campbell,3.48835E+14,@jc#b 15 di#g^it
305,Cody Ngu#y!en,3580403827145598,NA
306,SHANNON ^CHAPMAN,4132839655875734 ,VISA 16 DIGIT
307,Heat%her Smith,4256273504771623,VISA 16 d*ig(it
NA,Aar@on Turner MD,2.13173E+14,Diners Cl-ub / Carte^ B_lanche
309,ca@sey bentl^ey,3.75439E+14,visa 13 digit
310,*Mi-chel-e &Yates,5.83244E+11,VISA 13 digit
311,Do#uglas Ro+gers,3.74396E+14,!M^aest$ro
312,Shel(by Mcclure,4793480377487518720,VISA_ 16 digit
313,.Sydney Morton,6.39053E+11,VISA 16 digit
NA,Erin Rodrigue^z,3520592355482945,VI@SA 19 d)igit 
315,Michelle A&nde-r(son,NA,Maestro
316,Dylan Sha^nnon,4725043990872646,JCB 16 digit
317,Karen Armstrong ,NA,Ma@stercard
318,Jos-eph Cantu,4293082975651432960,VISA 13 digit
319,#Bria%n. Butler MD,4146061683099161,Maestro
320,Ang+ela Matthews,4588584169258187776,JCB 16 $digit
321,NA,NA,JCB 16 digit 
322,G)ary Torres,5.63491E+11,Maestro
323,Dav&id *Perry,4.18246E+12,!American Express
324,Emily Harrison,2266341242935487 ,NA
325,Beth Bel&l,NA,American Exp$ress
326,Kris.ten( Shah,4617252281655070,VISA 16 digit
327,HENRY MONR^OE,6011733540819158,NA
328,David Shor^t,3561615713234466 ,NA
329,Samantha -Mun@oz,6.30489E+11,+VISA* 13 digit
330,Christy- Gomez,2282907493146899,Am$erican %Express
331,Briana$ Berg,NA,Discover
332,Melis%sa Gonz-alez,2.13142E+14,)JCB 16 dig*it
333,Su#san Melendez,4358656256238113,Maestro
334,Kevin Hanso)n,NA,VISA 13 digit
NA,JAMES -HOBBS ,NA,NA
336,Maureen Rodriguez,3.86076E+13,VIS#A _19 digit
337,Sydn%ey Davis,4975774803300296704,JCB 16 digi@t
338,Th#om#as Kell.ey,4805284265795913,VISA@ 16 digit
339,Sara Hunt%e!r,3.03252E+13,Mae&stro
340,RYAN JONES,3543409475685278,V^ISA 16% DIGIT
341,Mic$hael Con!tr%er#as,4996982263174702080,_J.C!B 16 digit
342,Sherry Christe$nse%n ,3.70204E+14,*VIS^A 16 dig$it
343,Am+y Zhang,3577569190943481,Discov-e^r
344,Tony Gilmore %DVM,4180723403092738,M$a_stercard
345,Cody* Robin@son ,4536906736309843,Ma!estro
346,Hail)ey St$rickland,5.78996E+11,JCB 16) digit
347,STEPHANIE BA!KER,NA,MAES-TRO
348,Sharon Lewis,3560797858393256,JCB- +16 digit
349,Jill Patel ,2246752301530735,Maestro
350,Jeffrey Bates,4452371646915824128,JCB 15 digit
351,MA.RY (JOSEPH,2273125691081948,VISA 16 D^IGIT
NA,NA,4719628241122458,^M(astercard
353,Amy Nelson,3.41447E+14,VISA 16 digit
354,s#teven rees.e,6.39023E+11,visa 13 +di$git
355,Melissa^ (Miller,6011232823309854 ,Di*s!cover
356,madison khan,1.80042E+14,mastercard
357,John Mar%tinez ,6.75968E+11,VISA 1%6 digit 
358,sus!an )martin,NA,jcb) 16) digit
359,K$atie Munoz,4137048476313470,.M+aestro 
360,R@achel Price,4341369831917397,Mastercard
361,Todd #Mcmillan,4.29633E+12,VISA 16 digit
362,Aaro*n Nguye(n,3510144045480137,J(C^B! (16 digit
363,NA,4074604423025271,JCB 16 digit
364,Eli&zab*eth Gray,2229119071818248,Discover
365,Gre)gory Har.ris,4777194936679616512,Discover
366,Rebecca Mack,4.96994E+12,JCB 1%6 digi&t
367,Wendy Her(nand^ez ,2660954185461659,Diners Club / Carte Blanch.e
368,Janet Garcia MD ,2.13182E+14,Mastercard
369,DOMIN.IQUE C!OLLINS,3.04297E+13,$VISA 1@6 DIG@IT
370,Todd Sanders,3501529272927860 ,Ma&es)tro
371,&Megan Diaz,4.9639E+12,JCB 16 digit
372,Sandra Lewis,3.72368E+14,VISA 16 d!igit
373,deanna harrison,3511409736484618,maestro
374,Jean+ Alvar*ado,6011791118469418,VISA ^16 digit
NA,Evelyn Morg^an,3.05734E+13,NA
376,Collin S(t*rickland,2720716526878646,Maste(rcard
377,Daniel Odom ,2.13107E+14,JCB 1!6 dig&it
378,Ka(thleen Lewis ,2.13157E+14,Disco&v(er 
379,Timothy. Colem&an,NA,Mastercard
380,chad miller,3.47006E+14,din(ers clu&b / carte blanche
381,Sa#ndra Martin ,NA,JCB 16 digit
382,Stephanie *Moo*re,3.03981E+13,JCB 16 dig_it
383,Donna Scott,5.02085E+11,VISA 16! digit 
384,Je+sse# W#right,3531887853418822,NA
385,paul fuller dds,4841585991880530,jcb 16 .digit
386,NA,4668613211551648,$JCB 15 @digit
387,A&mber Willia)ms D*VM,6.39038E+11,NA
388,MAR+C KELLER,3.70994E+14,%M!ASTERCARD
389,M_onic@a (Ace#vedo,2256034329617902,Disco@ver
390,&Patricia Serrano,3.49158E+14,VISA 16 digit
391,&Ka_therine Huyn-h,6.75982E+11,VISA 16 di@git
392,kimbe-rly flores,3.42624E+14,visa 13 digit
NA,Sh-elby Mora ,4067100319530341,Dine-rs C)l)ub- / Carte Bla+nche
394,Andre Collins,3.05721E+13,VISA &13 digit
395,Mrs. ^Deb*b-ie& Hend-er(son ,3.03404E+13,VISA 13 *dig(it
396,Michael Carpenter,NA,VISA 16 digit
397,Alison Ston)e ,2714909410378165,Maestro
NA,Tamara #Moo%re,60480515117,VISA 13 digit
NA,ANGELICA TORRES,3.49861E+14,NA
400,MARI&SSA) I&RWIN MD,3.69125E+13,MASTERCAR*D
401,NA,NA,d#is(cover
402,JOD!I ROBERTS,3545259453073817,JCB 15 D#IGIT
403,davi$d alexander ,4888657885191615488,m&a#ste$rcard
404,hea#ther -mullins,3571834200941198 ,jcb 16 _digit
405,Mark Rodriguez,6500671397383605,VISA 16 digit
406,Marcus St+anley,6011990982352599,NA
407,Sarah Mann,4595897262927744512,JCB 16 digit
408,Crystal !Martin,6.30411E+11,JC#B 16 digit
409,NA,3514045198023556,VISA 16 DIGI&T
410,Rachel Hartman,3584526270942040,^VISA 16 digit
411,Ashley Ortiz,3.46591E+14,JCB 16 digit
412,NA,3.6056E+13,.VIS^A 19 digit
413,John Lewis,NA,.Maestro
414,Sa*rah (Flores,3583040280908562,VISA _1$3 digit
NA,Krist@en( But@ler,3.6552E+13,Mast$ercard
416,Andrea Wright,6.76177E+11,NA
417,ALEXIS BARRETT,NA,JCB 16 DIGIT
418,Frank Collin(s,1.80042E+14,NA
419,Jennifer Nelson,4597225548860513,VISA 13 digit
420,NA,2538541257311753,JCB 16 di_git
421,NA,5147257593372484,_VISA 19 d*igit
422,Alison Adams,4610792529899136,Discover
423,%Me&lanie Sexton ,2.13121E+14,JCB 16 digit
NA,NA,3586435017899935,NA
425,Whitney! Smit%h,6.39098E+11,Maestro
426,Jus$tin Valen)tine ,6549331710203625,Am)erica)n Express
427,Nico-le Brooks,NA,VISA 13 dig-it
428,Anne Lee,2.13141E+14,VISA+ 16 digit 
429,Haley Lewis,2252849024188477,VIS^A 13 digit
430,Julie( *Smith,3523667897358303,VISA 13 digi%t
NA,NA,3565479960549076 ,JCB 15 digit
432,Lauren Rivera,4.85074E+12,VISA 19 digit
433,Luis Bailey,NA,@Discover 
NA,Ch!ris(tina Dunn ,NA,VISA 19) digit
435,Jo Bart)le)tt,2.13105E+14,VISA 13 digit 
436,Pamela Ca#ntu MD,4586992946501121,JCB 16@ digit
437,Benjami&n Sco.tt ,3.8854E+13,Maest%ro
438,B@randy Fields,6011374024158829,VISA 16 digit
439,Paula- R%ios,4606189969047373,VISA 13 digit
440,Charles Mill-s,6011896094544454,NA
441,(TYLER PETERSO)N,4315592752281357824,JCB 1-5 DI*G*IT 
442,NA,2.13149E+14,VISA! 19% digit 
443,Sean Murray,NA,Discover
444,L*auren Lo^pez ,1.8003E+14,JCB 16! digit
445,Danielle Payne,5.03825E+11,)VISA 16 digit
446,Mi@chae#l Ca.ntrell,3560453850162212,JCB 16 #digit
447,Lee Higgi@ns,4.75836E+12,V$ISA 19 dig^it
448,L&ogan( Schmidt,3518900786167809,Mastercard
449,Gary Blair,3.45279E+14,VISA 19 d(igit
450,M*ar^issa Hall,3500614582675986,VISA 13^ digit
451,Tammy Barry,NA,NA
452,#Damon Acosta,1.80015E+14,VISA 16) digit
453,Steve Hanson,4757173515981018112,Di$scover
454,Sheila Taylor,3.45187E+14,VIS@A 16 digit
NA,Cind%y %Gall*agh@e%r,1.80055E+14,JCB )16 digit
NA,NA,6569553586710384,VISA 1#3 digit
457,Mat*th^ew_ Her%n#andez,NA,JCB 16 di@git
458,Maria Warner,5135752979040741 ,Discover
NA,Dennis Griffin,2259140883244640,Diners Club / Car&te Blanche
460,Suzanne Kent,5.68814E+11,VISA 13 digit
461,Jes%s!ica Walker,4062167791351629312,Ma^sterca%r*d
462,David Duran,3523226169119917,VISA_ 19 digit
463,Phillip_ Ortega,3.05275E+13,American Express
464,David Wilkins,1.80022E+14,Mastercard 
465,NA,4587969044281650176,Mae!str+o
466,Oscar Steele,4.3692E+12,JCB .15 digit
467,M+r. Robert& Sulli)van,4.01577E+12,VISA 16 di^git
468,Jennifer Harris,NA,Di@ne@rs& Cl^ub / Carte Blan-che
469,Apri&l Maddox,1.80038E+14,NA
470,!Valerie G*o)n(zalez ,4.10809E+12,Americ^an Express
471,Che$l_sea Sullivan,3.79513E+14,VISA &19 digit
472,Jamie Davi#s ,2280338976545245,JCB& 15 .dig$it
473,sierra lowe md,1.8001E+14,NA
474,Krysta*l +Lopez,4.54611E+12,NA
475,NA,NA,VIS*A 13 #digit
476,Andre Merrit!t,4.79904E+12,JCB 16 di_git
477,Miche)lle Smith,4189169187573389,NA
478,Taylor Peterse_n,3.60179E+13,NA
479,Betty T-u&c*ker,1.8005E+14,VIS@A 1*3 digit
480,&Edwin Williams&o*n,6514278282252814,VISA& 13 digit
481,Randall Dean,4446526205110878720,VISA$ 1%6 di-git
482,B*ritta.ny Collins,4324725759736172544,JC%B 16 digit
483,Vi_ck-i &Klein ,6.763E+11,Mastercard
484,Kelly _Gibson,4.31646E+12,VISA 19 digit
485,-Jennifer Gonza$lez,3.49035E+14,Dine$rs_ Club / Cart&e B-lanche
NA,Karen David,NA,@VISA 16& d#igit
487,NA,3.40383E+14,Mastercard
488,Thomas Harris,4.34845E+12,VISA% 16 digit
489,Bryan Shelton,3542621992981102,Maestro
490,$Ashley* White,3521778835223012 ,V(ISA 1)6 dig$it 
491,Dylan Salas,6011786686731140,Discover
492,Ambe@r Thompson MD,4.29701E+12,NA
493,Sally *Ell-is,4165358033992418,Disc+over
494,#Tri%cia Vi*lla!rre_al,4183975573755064832,J%C-B 16 d&igit
495,Miss Sarah Singh D!V+M,3566213135207974,VISA 16 digit
496,St$ep@hanie Har+ris,5236903550911986,JCB 16 digit
497,#NAME?,4065856483805932 ,Maest@ro
498,Amber Henders(on,2616104014124533,NA
499,Stephani@e Johnson ,3514428451247072,VISA 16 digit 
500,Ch*eryl# Joseph,2713227648066390,Amer_ican E_xp.ress
501,El&izabeth Snyder,2252947682808954 ,VISA *16 di%git
502,Ricky Decker,4.61637E+12,V+ISA 13 digit
503,NA,3.05189E+13,Discove-r
504,Miss- Heat&her Rose,4854933425022668800,American &Exp+ress
505,Catherine_ Smith,4538505913085297,Maestro
506,$Mar%ie $S^mith,3.00249E+13,@Mastercard
507,Lawrenc$e Peterson,NA,Maste-rcard
508,Tiffa+ny Chan,3.84028E+13,VISA 16) digit
509,Susan Hudso%n,4028094432358417,JCB 15 di$git
510,He+nry Estes,1.80071E+14,J!CB 16 digit
511,Anth^o&ny Guerrero,4685443660118874,Master#card
512,Jackie- K(lei$n,6573458323005888,VISA 13 digit
513,NA,NA,VI@SA 19 digit
514,Judith Anderson,4797955234648198 ,VISA 16 digit
515,Howard Ro+driguez,2720864316985674,(American Express
516,And.rew Spencer,6011841956094958,JCB 16 dig+it
517,Maxwell Moore,4751510963023016,V*ISA 13 digit
518,Michael Scott ,6574148290286541,VISA 19 d*igit
519,Laura Edwards ,6568505238109028,American Exp-ress
520,Shirley $Lawson,3.05896E+13,VISA 19 di+git
521,Justin. Lawson,4255504312532832768,NA
522,Gr(ac+e Sims,NA,JCB 16- digit
523,Michelle@ Dennis,4183372776806766,JCB @15 digit
524,!Erik Jordan,4.69474E+12,VISA 16 d(ig_it
525,Cind%y $Alvarado,3.49328E+14,VIS^A 13 digit
526,Savan+nah Frye,4364305593851728384,Din-ers+ Club /) Carte B&lanche
527,T!ammy ^Hodges,6011209298437162,NA
528,Kevin Le@wis,3575229572536765,VISA 16 digi!t
529,Lin-da #Mull(ins,6.39078E+11,NA
530,Heather (Griffin,4.36402E+12,.VISA 19& dig$it 
531,&christin#e& +schmidt,4494818235647526,!visa 13 d*igit
532,Cynthia Jenni@ng&s,4353759750465219072,NA
533,P%at(rick &T.homas,2.13159E+14,J_CB 16 digit
NA,m)rs.+ susan wal_ker,4872527127508181,(visa 13 digit 
NA,!De(nise Chambers,3.78827E+14,Mas%ter)card
536,N#ich&ole Re)i%d,6011492511564208,VISA% 16 digit
537,Amanda %Cas&e,4215676131404279,Amer(ican Ex#p)ress
538,A$s-hley (Gar%cia,3.4881E+14,VISA 13 digit
539,NA,4486324261384738,Mas&tercard
540,Rach^el Salinas ,2706912161600712,NA
541,Andrea Dun#can,3.78561E+14,Discover
542,William Graham,4.17775E+12,JCB 16 digi%t
543,John M_o$r*e!no,4784937749336159,VISA 16 di&git
NA,#Sean Gomez ,3580024120086097,A@meric!an Express
545,Ma&rcus William^s,6.76227E+11,NA
546,NA,4233150501441368,Discover
547,Dav%id B$ennett ,3501710221585286 ,VISA 13 +digit
NA,#NAME?,NA,JCB 16 dig@i!t
549,Melinda Johnson,3.01924E+13,Masterc(ard
550,-Megan Mcm!il%lan,3.68282E+13,JCB 15 digit
551,#NAME?,NA,Diners Clu(b / C)arte Blanche 
552,C^laire #Grant,6575189110763789,JCB 16 digit
553,T&imothy Car%son,NA,Diner.s Club / Car(te Blanche
554,@Ro_bert Vasq.uez,4.36162E+12,VISA 1-9 digit
555,NA,2.1317E+14,Diner#s Club / Carte Blanche
556,Wendy Mi-ller,NA,JCB 15 )digit
557,NA,4643814588623873024,Mastercard
558,Dana Taylor,2.13167E+14,JCB 15 digit
559,Kim#berly Morris,6011124814176253 ,Maestro
560,(Tina Cordova ,4254819319405427,American Ex$pres!s
561,Russell Tapia,3.02309E+13,JCB (16 @digit 
562,Eliz%abeth Diaz ,3548999864020132,A$merican Express
NA,Carolin-e Simmons,3573824421178538,American Express
564,Gloria Da%vis,3.02375E+13,VIS*A 19 !dig+it
NA,Zachary Rivera,3.43774E+14,JCB 16 di$git
566,Elizab$eth Perry,3.79794E+14,NA
567,Morgan Barker ,4908107349572016128,M+aestro 
568,NA,4314209701643249664,VI_SA 13 @di-gi-t
569,Mary. Gonzalez,3.04303E+13,NA
570,Mary Herrer^a,NA,VISA 13 digit
571,julie daniels md,2.13178E+14,NA
NA,Amy Brewer,4889875368940473344,NA
NA,Mercedes Berry,3.48003E+14,#M_aest$ro 
574,Mariah Brown,4.526486101482e+18,Di$s^co.ve!r
575,Ange%la Pham,NA,JCB 1.5 di)git
576,Amanda Ko@c.h,1.80086E+14,JCB 16 d#igit
577,Allison Tanne-r,60458965252,VISA 16 digit
578,Jordan Morgan,2.1319E+14,Maestro
579,William R%ogers,6011334029000491,JCB @15 dig#it
580,Tammy R*odrigue@z,3537586302492289,D@i+ners Club / Cart)e Blanche
581,NA,4365620848178352,JCB 1$5 digit
582,Justin Sm^it.h,3.02135E+13,JCB 15 (d$igi$t
NA,NA,1.8007E+14,Maestro 
584,Karina Miranda,4.01145E+12,VISA 19 digit
585,Colleen Scott,3599324228065129,VIS-A 19 digit
586,Taylor@ Pet%erson ,3.74362E+14,NA
587,Jessica Me(din*a,4414579711127949 ,V+I%SA .16 di&gi-t 
588,#NAME?,3.02644E+13,VISA 19) (digit
589,KATIE MARTINE&Z ,4152636368284351,AMERICAN EXPRESS
590,Rachel Brown,2296306568709737,*JCB 16 digit
591,Vic*tor Mor)gan,4675166919031692288,Mastercard
NA,Christine Walsh,4909286685759955968,JCB 15 digit
NA,cy)nthia johnso^n,1.80045E+14,maes&tro
594,Steven Hebert,3584787236834529,JCB 16 digit
595,Christop*he#r Graham,NA,America^n Expres_s
596,&Danielle@ Thompson,4865034993018347520,NA
597,Katherin^e Elliott,3.61697E+13,.Discover
598,Jennifer Jo@nes,4.67118E+12,NA
NA,NA,4284566081793401856,Diners Club / Carte Blan(c^he
600,Kari Ma+nn,4514799930641640,VISA 16 di&git
601,Jenni&fer S&ullivan,3.49122E+14,Mas_ter.card
602,Brenda Hamilto-n,NA,VISA 13 digit
603,Matthe!w Weaver,4.0169E+12,VI)SA 13 digit
604,*Karen Serrano,3.0499E+13,JCB 16 digit
605,Joh@n Bowen,3543427920354092,Dine.rs Club / Carte+ %B(lanche
606,Lindsay L!yons,3.03292E+13,JCB 15 digit 
607,#NAME?,5487063507432176 ,Maest@ro
608,NA,4192224881440149,Discover
609,Brandi Brown,4846495412837538,VI+SA 19 digi(t
610,He$a_ther B.er(n$ard,4453888439433725,American Express
611,Alexan*dra Garcia,2714382572591639,JCB 15 digit
NA,M-egan Clark,4469875763927229952,JCB 16 digit
613,Pam&ela Medina,4.93617E+12,VISA 13) digit
614,NA,NA,VIS.A 13 d^igit
615,Sarah Raymond,1.8001E+14,VISA *16 digit
616,Mari.a %Mi^lls,3.76969E+14,VISA 13 digit 
617,Ra*chel_ G#arci*a,4687958607826524160,NA
618,D@a^v$id Da!venpor+t ,2641411875503427,JCB 16 digit
619,)Cynthia Wagner,2316469226596726,JCB 16 di)git
620,John ^Boo)ne,5.01824E+11,JCB &16 digit
621,M!ichael Smith,4756262543391829,VISA 19+ digit
NA,Gary @Patric$k,4799374961535040,Dine^rs Club / %Carte( Blanc!he
623,Ashley Perez,NA,+JCB 15 digit
624,Devon* Rubio,4613250806244481,VISA 16 di-git
625,Jamie ^Wallace,6570301758657331,VI)SA 16 digit
626,YOLANDA P)AYNE,NA,JCB 15! DI*G@IT
627,Mrs. Shelle^y Wood,3563595997371408,Discover
628,Jeremy F+owler,3.88604E+13,Ma@estro
629,Brian Gilmore,3598986947967677,VISA 19^ digit
630,Ch(ri.stopher +Watkins,4889331201493444608,Ma$stercard
631,Ma(ry T.urner,3.82665E+13,VISA 16! digit
632,#NAME?,3.05068E+13,Maestro
633,kendra brady,2274338153066864,jcb+ 16 d^igit
634,Lau+ra Gre%ene,6.76287E+11,VISA 16 digit
635,Thomas Coleman,2241511750579436 ,JCB 15 digit
NA,Xavier @Si*ms,NA,VISA 19 di.git
637,Jennif+e@r #Greene,4493118975385705 ,VISA 19! dig&it
NA,NA,6011623894167967,VISA_ 19 _DIGI!T
639,William Romero ,1.80086E+14,America^n Ex!press
640,Nicole Smith,NA,Discover
NA,Eri!ca Ferr^ell,3543578208922248,Americ(an -Express
642,Craig John*son,3.78115E+14,VISA) 1&6 di%git
643,John_ %We-iss,3.67788E+13,VISA 19 digit
NA,Nicole- Danie&ls,3515905002327403,JCB 15 digi^t
645,Michael Rodr(iguez,4.96721E+12,VISA 16) digi.t
646,James Ni_chols,6.76244E+11,NA
647,Angela Carroll,3.48682E+14,Ame^ric-an Express
648,Stanley Moore,NA,JCB 1#5) digit
649,Courtney Miller,3527107734168090,NA
650,Rodney Hale,3.05602E+13,JCB 16 #digit 
651,melinda reed,1.80008E+14,jcb. 16! dig#it 
652,K-elly. Knig(ht,2533804049911404,$VISA 16 d+igit
653,NA,3.04291E+13,NA
654,Stephanie Terrell,2.13108E+14,A*mer(ican Express
655,Hun_ter Ca@meron,6578752295973692,JCB 16 dig-it
NA,Ashley_ Adams,4.96965E+12,JC!B -16 digit
NA,Dan*i(e*l Walker,2707610944676541,Maestro
658,laura mc(lean,3.49628E+14,d!iscover
NA,jessi.ca jones,2293571502013297,NA
660,Ha&rry& Haynes ,4462327058369349,)VISA 16 digit
661,David Pe%t_ers,3507590135090563,J@CB 15 digit 
662,Chr$istopher Col%eman,6011693490489594,American &E)xpres@s
663,Zachary Barto$n,5.79936E+11,JCB 16 digit 
664,Jessica Olsen,6011562165269385,NA
665,Annette( Mci$ntos%h,4.46996E+12,Ame_ric%an Expres$s
666,Tiffany Robers%on,3550039349009643,%V^ISA 19 d#igit
667,Sabrina %Mc@don*a&ld,6011091748947291,Discover
668,NA,3.73542E+14,J(CB% 16 digit
669,nicole maxwell,NA,(visa 16 -digit
670,gary &smith,4.38861E+12,NA
NA,_Ryan^ Miller ,4525350433041172,NA
672,M$atthe@w$ Castaneda ,3511766143505040,Diners& Club / Carte Bl^anche 
673,Ma*rcu.s L&amb,5.01813E+11,VISA 16 digit
674,Colleen Cunningham,4.98069E+12,Dis&cover
675,Chase Taylor,4534449714991920,JCB 16 digit
676,Stacey Kim,3.64709E+13,JCB )16 digit
NA,Jessica Love ,1.80039E+14,VISA 16 digi*t
678,Cha^d Bautista,NA,^JCB 16 digit
NA,Margaret ^Cherry ,2.13157E+14,VISA 13. digit
680,NA,4665941453643028,NA
681,Deborah Harper,3504121566130224,NA
682,sarah. white ,3582585121211627,!jcb 15 dig)it 
683,Ja+net Mendoza,3.0245E+13,JCB 16@ d(i_git
684,Marie _B.utl$er,3.7012E+14,American Expres+s
685,P*amela# M)artinez,4.56235E+12,-VISA 1-3 digit
686,Shaw#n S%loan,4.85413E+12,VISA 16 di^git
687,William Nelson,4136022394644044800,Ameri*ca+n Express
688,Anthony Burke,4.0901E+12,American Express
689,Ia@n Mart+in,6011859133177751 ,VISA 19 digit
690,Lori Od*om,6011600587151342,JCB 15 (digit
691,Katherine& Moody,6553499190809402,Dine(r@s! Club / Carte Blanche
NA,)D^eanna Bartlett ,5578291600090761,NA
693,ASHLEY .GONZALE^S,4794586618398820,JCB 15 DIGIT
694,Je!ffer+y) %Shaw,4323777891637172224,JCB 16 digit 
695,Vi#ct-oria Harm_on,4119176451751838208,VISA (16 digit
696,Danie)l Thomas,6522635530070274,JCB !16 digi#t
697,Jes(sica Williams,3595241573794372,VI%SA 16 di+git
698,NA,3502240441250395,JCB- 16 digit
699,NA,3.03603E+13,VISA 16 DIGIT
NA,Ivan* Reed,2259793658892413,NA
NA,Cassie #Hunt^er,4734140480928836,Ame+rican Express
702,Penny% Nguyen,4524390916224169,VISA 19 dig+it
703,NA,3.01196E+13,vi+sa 16 digi$t
704,Micheal Daniels,4.60471E+12,VISA 19 digit
705,Kaitlin Jackson,NA,Maestro
706,Brandon H@all ,1.80075E+14,VIS!A 16 d_igit
707,Matthew Underwood,5506419547479931,D&in!ers Club / Carte Blanche
708,James Gates,3597199344727063,NA
709,NA,NA,V*IS-A 16 digit
710,S#tac.y $Wilson,3.022E+13,+Diners Club / C_arte Bla#nche
NA,Tracy Freeman,3.03347E+13,NA
712,Da^vid Nguyen ,4081863758434166,JCB 16 d(igit
NA,NA,4664535008652129,VIS&A 16 digit
714,NA,2544038423864593,maste&rcard
NA,Jennifer Ro!ss DDS,3546719114246895,J)CB 1-6 di$git 
NA,J+ulie Terry,4388357396050427,D@ine_rs Club / Ca)rte -Bla)nche
717,L$eah Velasquez,4.39227E+12,$JCB 15 d_igit 
NA,$Madison Rod(riguez,3.76198E+14,JCB 16 d!igit 
719,Kim Moore,3559984294611649,VISA) 16 digit
720,Melissa Martin$ez ,3.45676E+14,^JCB 1_6 digit
721,NA,4748232299454478,Maest!ro
722,NA,4339907948089276928 ,VISA 16 digit
723,Brandon Pena,2595880436044145 ,Maestro
724,Edward Fleming,4089514496300814336,JCB )16- digit
725,andrea harris,4458449440314605,NA
726,Karen $Jon!es,4.05406E+12,NA
NA,Rob%in Wil-son,3517741847066718,Ma*stercar_d
728,Sus!an Wils^on,1.80047E+14,#Maestro
729,David Harris ,3541687670798861,(JCB 16 digit
730,K)a^thryn Turn-er,1.80071E+14,(Maes&tro
731,Chr(istopher# T&h%omas,1.80075E+14,Diners Club /$ Carte Blanche
732,Jordan Sellers,2.13129E+14,VISA 13 digit
733,ma(ndy tr)an,3545855020042597,j$cb 16 $digi*t
734,michael brown ,2552996029315600,%maest_ro
735,Caitlin Davis,4.73302E+12,Di!ners #C#lub /_ C!arte% Blan@che
736,MIRA#NDA SOLI^S ,3533504927515222,JCB 16@ DIGIT 
737,Heather She)a,3531163718306960,Dis%cover
738,Doroth$y Gibb+s,3502966744410944,VISA 16 d&igit
NA,T^am)ara La)w^rence,6011783657166497,Maestr#o
740,Yolanda !Young,4955921793953294,VIS_A 19_ digit
NA,David Hickman,6.76207E+11,NA
742,Mar)ia Gomez,4.55439E+12,NA
743,Daniel Marsh,3.79788E+14,.JCB 16 digit
744,Patri*ck Lee,2285613565683911 ,Mastercard
745,Lisa Bradley,6011804498343879,JCB 16 digit
NA,C-indy @Yates,6011832650712128,JCB 16 digit
747,Amanda- Hunt$e+r,4019346641013345,Discover
748,NA,6.75944E+11,diners club /& c*arte b^lanche
749,William R@i(ce,3567377952740620,JCB 16 di!git
750,Glenda Dodson,3.01308E+13,VIS%A( 19 digit
751,V%anessa Hernan_dez,3.73375E+14,VISA +13 digit
752,Janet Hanna,3552733907346615,NA
753,Jen-nifer Yates,4017243410882715,VISA. 16 digit
754,NA,4455835384501749760,JCB 16 digit
755,Diane Riv@era,2.13166E+14,VISA -16 digit
NA,NA,3.79239E+14,Diners Club / Car*te Blanche
757,Amy Th.ompson,NA,VISA 16 digit
758,Corey L)i,3.02669E+13,Ma!estro 
NA,Sh#ane_ Hardy,3.74129E+14,Maest!ro
760,CY_NTHIA -G$A@RCIA ,3542260012119847,VISA #16 DIGIT
761,B-eth Curry ,4670655939589323,NA
762,Ma$ry^ Will.iams,2687076986813174 ,VISA 16 digit
763,NA,5495454935303149,*Maestro
764,Lau*ren+ T%homas,3555112535423202,Maestro
765,NA,4822239493191026688,VI+SA 13) digit
NA,.D^aniel -Johnson,4544364353159119 ,JCB 15$ -digi!t
767,Kendra Browning,3.40375E+14,Mastercard 
768,Al(ice+ W-est,NA,D_iscover
NA,J-es@s@ica Mue_ller DDS,4687817805330304 ,J.CB 1)6 digit
770,Anthony Jacobson,4915678201344635904,VISA 16# digit
771,Daniel Willia(ms ,1.80029E+14,Maestro
772,Chri!stopher Ri*o_s,4157795404921502,)Ma-estro
773,Anthony Sanders ,2712035735422686,JCB 15 d&igit
774,E_ric Wagner,2402658721038896,Ame(ric)an Express
775,Mo&n#ica Ramos,3.70812E+14,VISA 19 digit
776,john mcinty_re,4.2533E+12,diners# %club& / carte blanche
777,NA,3.70976E+14,JCB 15 digit
778,Kathleen Gordo+n,3.48321E+14,JCB 16 digit
779,NA,3566736732465728,jcb& 16 digit 
780,Kim&ber_ly M^ay,3.44896E+14,D+iners Club / Carte Blanche
781,DAVID ROGERS,2.13106E+14,JCB 16 DIGIT
782,LISA B@AXTER,4187617196097495,JCB (16 DIGIT
783,kyle m!iller,4360181490628658688 ,NA
784,S)hirley Sims ,3503500054034041,JCB 16 digit 
785,Shan$n.o@n Mo_r@se,5233951745773715,VISA 16 digit
786,Ashley Cochran,3599233549440632,@Mae$stro
787,Ashley Miller,4797810818124811,NA
788,Miche)ll_e Go)nzalez,4715322687109064704,VISA 13) digi_t
789,Mar!y Thompson,1.80089E+14,V#ISA( 1^3 digit
790,NA,3.48112E+14,Mastercard
791,Jef(f!rey &Larsen,3567771142095673,VISA 1#6 digit
792,Heather Benson,NA,NA
793,Jonatha+n Wilson,5.76874E+11,VISA 16 digit
794,L*in$da. Davis,NA,.Mastercard
795,Ear_l* W$right,5.61407E+11,J^CB .15+ digit
796,Richa$rd Mayer,4349818437316190,NA
797,Patricia Miller,2.13193E+14,A.merican+ Express
798,Ma*rk Burton,4713653872373366,VISA 1&6 digit
799,&Jo Cordova,4.128600018726e+18,Ma)estro
800,M*e-lvin Alv(arado ,4712770377824601,NA
801,Ste+ph+anie Willis,2222427036343187,Dine)rs C&lub / +Car#te Blan(c#h*e
NA,Kayla Brock,5503964060250196,Maestro
803,Cla$udia Randall ,4913448554577261,VISA 19! digit 
804,$L*a+uren C(ummings,5.02057E+11,VISA 16 dig*it
805,H$a(nnah Morton,3509628796471322,Discover
806,Robert^ L+una,3.81899E+13,Ameri#can Expre%ss
807,MICHELLE COOK(E,2.13196E+14,VIS#A 16 DIGIT
808,jessica martinez,6592853815310522,ameri%can express
NA,C.helsea Palmer,4342452306443583,A*merican Express
810,Jennifer Pet$erson,2510648674533638,M!as)tercard 
811,b$ria!n c$hambe-rs,3.01708E+13,vi#sa 16 d.igit
812,*Jeremy Davis,3.03229E+13,Americ*an Express
813,Tra^ci_ Rivera,6.39057E+11,(Mastercard
814,&Rebecca Moore,3.00031E+13,VISA 16 #di+git
815,Elizabeth #Butler,4804010588623628,Mastercard
816,NA,3546487628419552,Din)ers Club / Cart)e! $Bl(anche
817,Seth Zhang,NA,JCB 16 digit
NA,NA,NA,VISA 19! digit 
819,Brent Murphy,3531808035304722 ,NA
NA,Darre-ll_ Clarke,3.82052E+13,Mae-stro
821,Justin G+amble,4.34797E+12,A.meri#can Express
822,Kelly Gibson,2265185489137153,Amer!ican Exp_re#ss 
823,Jose P&ierce ,4.41855E+12,VISA 16 digit
824,ambe-r %villa,6011672482592268,!jcb 16 @dig*it
NA,Brian- Jime.nez,NA,Di&sco_ve-r
826,joseph lee,4629754049689693,!visa 16 digit
827,J)ohn Jordan,3.03826E+13,JCB 16 di*git
828,!Christina Long,4.50322E+12,JC-B !15 !digit
829,NA,5249977036255718 ,VISA 16 digit
830,Jes$se Morrison,1.80011E+14,JC#B 16 digit
831,john *dean,2.13197E+14,ameri.can expres!s
NA,Alli%son Allen ,2.13196E+14,VISA 16 di.git
833,Je-sse A)co^st(a,5.80536E+11,Mae&stro
834,Janice Hickman .MD,4853366059897426,JCB 16 digit
835,Ha(nnah Murp.hy,4.93169E+12,J(CB 15 digit
836,Adam Smit+h,3.05328E+13,+VISA 16 dig.it
837,An)dre(w Bail&e.y,5.02019E+11,VIS(A 19 d#igit
838,Brit-tany Jones,4007967785752614,Mastercard
839,ALEXANDER JOHNSON,4.79945E+12,DIS+COV-ER
840,DAVID S%MITH,4790917884225986560,VISA 13 DIGIT
841,Mark^ Horne,3555130854890884,VISA 16 digit
842,Paige -Olson,2646465488764557,VISA 1!6 #dig_i)t
843,Jennifer Georg^e,5.74422E+11,Maestro
844,Erin Br(ennan,1.8E+14,NA
845,C$rys#tal Sh$an&n^on,6011536372629458,NA
846,NA,6518872009776323,VISA 16 dig+i&t
NA,-Alici^a Washing(ton,5490039818361168,Diner$s Club / Cart^e _Blanche
848,$Mi_ch+ael #Kline,4141552957461298,.VISA 16 di%git
849,Michael Har_t,2.13134E+14,Am%erica!n Express
850,E+rin Her%nandez MD,3595490278683931,Maestro 
851,Abigail B$a^rrett,6.76377E+11,Mae#stro
NA,Am%anda Knapp,6599873705595993 ,VISA 16 digit
853,Tiffany Rich,3.49345E+14,VISA 13 .digit
NA,Sharon Russel#l,4242900282936864 ,Mae$stro
855,Rachel Smith,4460701467818777,VISA ^16 digit
856,Prisci!lla !Saund)ers,4698032822216596,JCB 1^6 di_git 
857,-Mark (Dona(l-dson,1.80081E+14,D.iscover
858,Olivia #Mayer,4598016085986830,VI)SA (13 d!igit
859,NA,4292645192081827,Disco^ve_r 
NA,Charlo!tte Thompson,6.76123E+11,D&iner*s Club / Cart#e Blan(che
861,Stephen Ja(ckson DV!M,4.0218E+12,JC^B 15 digit
862,We#ndy Gard%ner,3594243240388407,NA
863,Laura Gomez ,6.30442E+11,^JC^B 15 digit
864,NA,6.39044E+11,visa 16 digit
865,Gl.or*ia Browning,2273462465716734,^V_I)SA 13 digit
866,NA,4520074274835105,JCB% 15 digit
867,Gab+rie+lla King,4473533319895876 ,Maestro
868,$Lisa Garcia,NA,JCB 15. digit
869,!m$ichel(l+e rod^r.iguez,1.80038E+14,jcb 16 digit
870,Ashley +Smith ,3.82544E+13,Ma)stercard
871,Ryan! Rogers,3.72653E+14,NA
NA,Betty Joseph,3.49639E+14,*JCB 15 di)gi$t
NA,Alicia Castillo,4.20121E+12,JCB 16 digit
874,Stephan)ie Cobb,4334648175816250,VISA 13 &digit
875,Mich+e*le( Olson ,2275265683109451,Ameri-can Express
876,NA,2252784120772991,J-CB 16 d#igit
877,Susan$ $Un(d-er)wood,6011578645911537,JCB* 16 digit
878,Elizabeth Arias,3528070109120493,VISA 16 d*ig@it
879,Leslie Ram!irez,NA,*Diners Club / Carte Blanche
880,NA,3.4478E+14,V+I$SA 13 digit 
881,&Mel^issa Ha.rper,3523502940392399,JCB 16 digit
882,Tr+ac&y Mo!n(toya,6011326836528961 ,JCB 16 ^dig)it
883,Ni(co.le Hall,3.89322E+13,NA
884,NA,6011069361892069,Diner$s Club / Carte Blan+che
NA,Erik@a *Poll+ard,2398172475463488,JCB .16 +digit
886,NA,1.80065E+14,JCB 16 digit
887,Christ*o%p)her Da+vis ,5406136458776060,VISA 19 digit
888,NA,3.04578E+13,VISA 16 d#igit
889,Melissa R*ichards,3562883475365774,Master)card
890,Anna J_on)es,3510461392480233,M)aestro
891,Ariel Sanche#z ,1.80041E+14,VIS(A 1&6 digit
892,Willie Bon$d,4412111801795161,VISA (16 digit 
893,th$oma^s smith,4.62435E+12,disc.over
894,)dennis how)ard,NA,visa 13 digit
895,Cl%a%yto(n Allen,3.05965E+13,Diners Club / Car@te B_lanch_e
896,_Nicholas* Spe.nc!er,1.80009E+14,Mast_ercard
NA,Emily Lucero,6588608523688718 ,JCB 16 digi%t
898,Lacey Moor#e,NA,$Mast^ercar&d 
899,Jos_hua T%orres,NA,VI!SA 16 digi.t
900,S&teven T#odd,3506541636766251,VIS@A 16 dig^it
901,$Kevi$n Harris,3595392838582910,Ame%r-ican &Express
902,Cody Wilson,3551247501637817,JCB 15 dig.it
903,Eric Young,1.80085E+14,VIS!A 13@ d!igi.t
904,NA,4929345319858667,America$n E&xpre#ss
905,Jenni&fer T@aylor,3.49896E+14,JCB (15 d@igit
906,B.ruce Gome#z,5.03806E+11,!VISA 13 !di$git
907,$Alliso$n Smith,4135534110403704,JCB 16 digit
908,Adam Ge+orge,3527976326486759,M.asterc-ard
909,Amy Ba&rajas,4588310769823561728,VIS%A 19 )d$i#git
910,BRIT^TNEY WI#LLIAMSON,5.02026E+11,VI%SA 16 )DIGIT
911,Jody Oconnell,1.80001E+14,VISA )16 digit
912,Alice Hawkin*s,2719735617686042,JCB 16 digit
913,Amy Kelley,4397033988175885,VISA 16 digit
914,NA,4.09157E+12,VI-SA 19 DIGIT
915,Andrew Gi*bson,3571206705697742,JCB 16 *digit
916,heather bai*ley ,4.55562E+12,jc-b 16 %digit
917,NA,NA,Mae^stro
918,Emma +Wheel*er,4466041929985714,VISA -1*9 digit
919,Trevor Ross MD,4.714601050513e+18,VISA 1.6 d+igit 
920,Brittany R!odgers,5.03827E+11,Amer%ican Expre+ss
921,Taylo.r Si+mmons,5504620789541013,Mastercard
922,Juan Walters,6.76174E+11,JCB) 16 digit
923,DONALD MOLINA ,NA,VIS#A 19 DIG@IT 
924,Rose Sm@ith,NA,VISA 13 digit 
925,Amanda@ Ter$rell,4939640555826859,JCB ^16 digit
926,Ryan Melton,3.77105E+14,Dis&c.over
927,jason fox ,6011452756307358 ,maestro
928,Gabrielle Jones,3538742796240655,D$iners Club -/ Carte Blanche
929,Ashley Ramirez,4196166278478008,VISA 16 di(git
930,NA,5.65788E+11,%VISA 13@ digit
931,Jenni*fer Gilb$er$t,6.75932E+11,NA
932,Brianna_ St&ephens,6556639549145100,JCB 16 digit
933,Anna Math_is ,4559154370727341,NA
934,Robe+rt Simpson,3.403E+14,VISA 16 digit
935,M+ary Berry,1.80077E+14,Dis@cov@er
936,D.esiree Ramirez,3.00518E+13,VISA# 16 d)igit
937,Timo&thy Green,3531683481024326,VIS+A 16 digit
938,Amy O&don!nell,6011716813200057,JCB 16 digit
939,!Isabel D*om!inguez MD,1.80069E+14,Maestro
940,MIG&UEL- GILLESPIE,3554360746353376,DINE(RS^ CLUB / CARTE BLA*NCHE
941,chris%t(o$pher barron,2.13157E+14,jcb 16* digit
942,Jam^es S*ullivan,4465235607488006,VIS-A 16 digit 
NA,Christopher Tyler,4331750938586242560,Di#scove_r
944,Jonath^an Hugh(es,NA,Americ@an Exp+ress
945,Kimberly Mann,3.43258E+14,JCB 15 )digit
946,Jenn*ifer& Si$ms,5552299472403475,V.ISA 19 d)igit
947,ARIE)L HORTON,2699207546352728,JCB +16 D#IGIT
948,Nic-ole Baile*y ,5.01842E+11,VIS%A 19 digit
949,Bryan Smith ,4203570020156617,Ma-estro
950,NA,6579726988434690,Diners Club / Carte Bl*anche
951,Tr^oy A(rnold,6573348629136810,*JCB 16 digit
NA,Diane P&atterson,1.80081E+14,NA
953,Sarah Brown,3.63358E+13,&Amer!ican Express
954,Regina $Strickla&nd,5.73214E+11,J$CB !16 d+igit
955,NA,1.80088E+14,DISCOVER
956,N$ich@olas Staf_ford,4824403511884019,VI-SA 13 di.git
957,Davi-d Garza,3.71091E+14,Maestro
958,Regina Martinez,3.78442E+14,VISA 16 di&git
NA,Amy Fox,6.76187E+11,JC!B 15 digit
960,margaret^ gonz^ale#z ,4833161186816158,visa (13 d@igit
NA,(Shann#on$ G%uerrer#o,1.80042E+14,NA
962,^christopher mcdowell,6011324486293192,visa$ 19 digit 
963,Juli)a Ru+sh,6011539571639880,(JCB 16 digit
964,Ki^mberly Go*nzalez,4041567453790452736,VISA 13 digit
965,ch^eryl allen,3.05888E+13,visa 1(6 digit
966,NA,NA,VI(SA 16 di*git
967,Su(san Armstrong,2678970208391566,NA
968,Victoria Sutton,3523105438404625 ,D(iners Club# / Carte Blanche
969,andrew vaug^han,4.66669E+12,jcb 1&6 digit
970,_Du^stin .H+arris,3.67148E+13,JCB 15 digit
971,Erika Bryant,4.6266E+12,Disc*over
972,Va&lerie Davis,NA,NA
973,Christina Wise,2.13106E+14,@Ameri^ca.n Exp^ress 
974,Meredith& Galvan,5.87121E+11,VISA 19 digit
975,Angela Clayton,60430411169,V*ISA% 13 digit
976,Alexande_r Olsen,3593581274571203,VI#SA* (16 digit
977,Kimberly Mar-s!hall,4240848529799987 ,)Dis*c&over
978,bobby wo(lf ,4920028692968634368,diner)s c*lub _/ carte blanche
NA,Donna@ Br-own,4628466229890551808,VI%SA 13 digit
980,NA,NA,NA
981,Mari%e Wise,2.13141E+14,VISA 19 digi)t
982,Katie Lewis,2529439993770021,VISA 16 digit
983,J^ennifer Mcbrid*e,5.8011E+11,VISA 16 d-igi@t
984,David &Kram%er,3590657330679819,NA
NA,J-ohn Wilson ,3.7657E+14,Discove.r
986,Donald M@cgu*ire,4136597285629576,JCB! 16 dig&it
987,Bobb!y C-ervan.tes,4665521884774102016,Diners) Clu.b / Carte Blanche
988,NA,4797499094014696,Maes@tro
989,Michele Smit@h,1.80013E+14,VISA 16 digit
990,Melissa Delgado,4657478359913049,American Express
991,Nat#al#ie He!rnandez,NA,Discover
992,NA,3.0574E+13,JCB _15 digit
993,Michelle M-artin,3584771144155425,Mastercard
NA,S.ar.a Ward,3508345790142632,V(IS$A 13 di%git
995,Caroline R!ob@inson DDS,3.80275E+13,$Maestro
996,April Hall,1.80086E+14,Discover 
997,Daniel Ortega,3595545373324606 ,VISA _16! digit
998,Scott Mcgee,2266064607729143 ,J(C!B 16 digit 
999,Jeffrey Rolli!ns,4149474695881327,VISA- 1-6 digit
1000,Hale^y Leonard,3.69927E+13,Maestro
NA,Mrs. N)icole Newman,4618377815498256,V%ISA 16 digit 
1002,Katrina Moreno ,5.71666E+11,NA
1003,Michael Walters,4818881800142454 ,Ma*e*stro
1004,Bra&ndon Bail)ey,4089205802823154,Maestro
1005,Jonathan -Hanna IV,3525535308771471,A%merican Exp$ress
1006,Rhon@da Vance,3.02118E+13,Maestro
1007,Terri Chase,4704541843317340160,V#ISA 16 di_g@i^t
1008,David Osbor&n,2709334845086811,Discover
1009,Chr!istine Fig%ueroa,4.23598E+12,Diners Club / Carte^ -Blanch^e
1010,_Zacha@ry! Perez,NA,VI(SA 13 dig^it
1011,@Elizabeth Fisher,4593366386201156,American @Express
1012,George Anderson ,2244059454379965 ,JCB -15 digit
1013,T!anya Rey_n&olds,6011087944455238 ,V+ISA 16 digit
1014,Thoma)s Hanson,NA,JCB 16 digit
1015,Wayne Martinez,3.41919E+14,NA
1016,Sharon Gomez,4211555599187259 ,VISA 19 digit
1017,Amy Mosley,4873156279436576,Maes#tro
1018,An-gela Barr&ett,3592087367308140 ,Discove*r
1019,L(isa @Ja+ckson,6.76395E+11,Maestro
1020,Brenda Walsh ,5.02099E+11,JCB 15 d@igit
1021,NA,3.02062E+13,JCB -16 +d!igit
1022,And(rea Thomas,3.41838E+14,American Expr@ess
1023,Lawre&nce Allen,3535276091992424,American Express
1024,NA,6.39007E+11,Ame!rican Express
NA,Angela Young,NA,VIS)A 19 digit
1026,NA,5.03847E+11,$Diners Club / Carte Blanch%e
1027,Mir#anda Williams,3.02969E+13,JC$B( 1.5. digit
1028,NA,4.45281E+12,JCB 15 digit
1029,NA,2252758494288636,M+AESTRO 
1030,Edward+ Cardena_s,3571539220548945,VISA 13 digit
1031,Alicia Hernand-ez ,1.80047E+14,Di$ner-s C@lub / Carte Blanche
1032,Lance Bar(r,3591943807621156,VISA _13 digit
1033,Sherri Kni!ght,5312854390994293,VISA 13 digit
1034,K!eith Palm*e#r ,3.4793E+14,.VISA 19 digit
1035,M)itchell Kerr,3576122179516174,M@astercard
1036,NA,3569772838874148,Diners %Club / Carte* Blanc#he
1037,%Dawn Santos,4878273571559990,Di%ne_rs ^Club) / -C.arte! Blanche
NA,Robin Black,3531090782540176 ,JCB _16 digit
NA,Diane Mccormick,3.83309E+13,JCB 1.6 digit
1040,#NAME?,3582189015098313,VISA 19 d.igit
1041,Douglas Todd,4894697768695697408 ,Maestro
1042,NA,3512477905431800,D%iscover
NA,Doris Miller,4026721661726227,JCB 16 +digit
NA,Stephanie Williams,3513883417187559,VI!SA 19 dig+it 
1045,T^e!resa Will+iams,5488574840779437,)VISA 16 digit
1046,.GREGO&RY SMITH,3549877290872913,MAS*TERCAR)D
1047,^Michael Lee,4849532730042974,(VI(SA 16 d@igit
1048,Ro.bert Go$mez,3.00726E+13,Din@ers Club$ +/ Carte Blanche
1049,Jennif%er *Simmons,NA,J+CB 16 digit
NA,Mr. $Nathan Price,3505330088676007,American _Express
1051,+Karina Nobl(e,4024400185024182784,JCB 15@ digit
1052,NA,6.76382E+11,VISA 1%3 digit
1053,Debra Sims,3595240892262061,NA
1054,Timothy Phillips,3579130229867114,JCB 15 d^igit
1055,Sea+n Moore,NA,JCB 15 dig$it
1056,Dean^n^a Church,4018512325816326,VISA 13 digit
1057,S!amu+e#l Reed,NA,JCB 16 digit
1058,Michael Foster,2235274592040434,VIS.A 16 digit
1059,Jan!e Jones,NA,VISA 16 digi)t
1060,Corey Baird,4.65681E+12,JCB 15* digit
1061,Ronald Daniels,4871711771564502016,VI!SA 19 digit
1062,Michael_ Gonz+al%e&z,6536668739542599,JCB 16 digi-t
1063,Candace Rodri)guez ,3572599562058415,Diners Club / Ca%rte* Blanche
1064,Stepha+nie Schmidt MD,4317907240402976256,VISA 16 di#git
1065,Ste(phanie Her#nande+z ,3.7698E+14,VISA 16 digit
1066,Joshua Graham,6501300097409283,+VISA 16_ digit
1067,Joann William)s ,6517467498166853,Ma_estro
1068,Je(nnife)r G_onzalez,4.37647E+12,Americ)an- Express
1069,Dav!id Thornton ,NA,Maestro
1070,Ta#mmy_ Huff ,3547736881315231,JCB 16 digit
1071,&Todd T.hompson,4.54849E+12,VISA $19 digit
1072,Stephanie Richards&on,3.02175E+13,Diners Club / Carte B&lanche
1073,Kelsey Mu*rphy,4370639865373282816 ,Maestro 
1074,Patr.ick Max+well,4293464324810372608,)VISA 19 d%igit
NA,Brandon( Dixon ,4.51E+12,Dine_rs Club / Carte Blanche
1076,*Tanner. Par-ker,4907262554604266,VISA 16( digit
1077,Ka!thleen# Swanson,NA,JCB 1-5 dig$it
1078,Ta&m$my @Cox ,2717850053232649 ,J#CB 16 digit
1079,NA,6.76385E+11,JCB 16 digit
1080,AM&Y ANTHONY,3.84656E+13,VISA 16 D^IGIT
NA,Theresa Nicholson,1.80035E+14,VISA 16 digi)t
1082,Alexis Adams,3.74419E+14,.VISA 16 digit
1083,NA,4905087757506287,Diners Clu(b / Cart^e Blanche
1084,NA,4435196935112519 ,Amer)ican Expre-ss
1085,Veronica Jenn!ings,3524812881349434,Discover
1086,Ste&p!han^ie Pha+m,6520489143687385,J#CB 15 digit
1087,NA,3.40396E+14,JCB .16! digit
1088,N-athan@ie^l Richmond ,4913696759075693,!M_aestro
1089,Timothy ^Ramos,4293434241306876,@Ameri(can Express
1090,Mackenzie P-h)am ,1.80033E+14,VISA 13 d$i)git
1091,Melissa^ Noble,4657528304553678,V@ISA 1.9 digit
1092,Amy Reeves,4.6232E+12,JCB 16 digit
1093,NA,4404429153795727360,A)merica%n Exp(r_ess 
1094,NA,2299780148373056,M+astercard
1095,William Johnson ,1.80049E+14,VISA 16 digit
1096,Brittany Brown ,2.13185E+14,NA
1097,NA,2.1313E+14,JCB (16 digit
1098,M.r. Brand.on Ellison _DDS,3.42298E+14,JCB 16 dig)it
1099,%Pa!t^ricia Strong,2720975922862030,VISA 16 (digit
1100,NA,4593681290782236,VISA 13 digit
NA,D.a&wn %Orozco,6011698728835666,NA
1102,Jodi Robins_on,4119966637906456,JCB 15 digit
NA,M!ary Maci.as,2.13159E+14,VISA 19- +digit
NA,NA,2505083465438093,Mae(s*tro
1105,Beth +Butler,3.00944E+13,Mastercard
1106,Kell&i H)arper,3558375707704884,Ame-rican Express
1107,@William Brown,2.13179E+14,NA
1108,NA,4915543651766268,VISA 19 dig)it
1109,John +Co(oper,4444696815292686,VISA 13 dig+it 
1110,mrs. amber# johnson* &dvm,2.13146E+14,amer!ica-n. exp#ress
NA,Megan& (Hays,6574687376460819,NA
NA,Virginia Oliver,3576265462215325,Di^scov$er
1113,Kimberly B!r!ig%gs,60490816067,VISA 1_6 -digit
1114,Jennifer Larsen,6.39002E+11,America^n Expres+s
1115,Kevin Ayala,3.48006E+14,Diners Clu#b / Carte Blanche
1116,Aman^da Schul^tz ,3513406812087297,Americ%a&n Express
1117,Nico!le Graham,2.13142E+14,JCB 15 digit
1118,raymond hayes,4890105515896506,visa 1^3 @digit
1119,George Ell^iott,4153983605500396544,VISA 1(9 digit
1120,Bonni*e Buchanan,3588611795327947,NA
1121,Bonnie Wright,1.80061E+14,Diners *Club / Carte Bl#anche
NA,Clifford Pow*ell,4005724350018013696,Ma#estro
1123,Pe!ter! Ri(ver_a,3571211491718876,JCB 16 digit
1124,^Reg$in+a Smith,6553955532673152,VISA 13 digit
1125,Amanda Liu,3553219651876659,Mastercard 
1126,L#aura Bu^rke,3.80402E+13,JC)B^ 16 #digit
1127,Phillip F_ox,4892463823511666688,Diners Club# / Carte Blan#che
1128,NA,NA,JCB 16 digit
1129,leslie_ buckley,4108752444117849,vis@a 19 digit
1130,Nichole #Will@is,2.1316E+14,VISA 1&6 di-git 
1131,Morgan D$odson,4861487431445278,JCB 16 d$igit
1132,Margaret Osborne,4926868818283114,JCB 1-6 digit 
1133,Katri&na Washington,NA,NA
1134,Chad% Palmer,6011193641393407 ,Mastercard
1135,$S.aman.tha Gonzalez,4.10968E+12,JCB 1)6 digit
1136,Ca)t*h%erine T)homas,4321165869230459904,A_merican E^xpress
1137,Rob#in -West,1.80024E+14,Mastercard
1138,#Anne We.aver,4614909784373849,Di&ners Club / Carte Blanche 
1139,Ken&dra Gonzales,4.05447E+12,Diners $Club / Carte Blanche
1140,Madeline Fuente$s,4529626654914361,JCB 16 dig#it
1141,)Cather+ine .G!riffin,4021647594771581,VISA$ 1$6 digit
1142,Be+njamin M.artin,3594620514699405,Maestro 
1143,Robe^rt Bennett ,3.01937E+13,Discove$r 
1144,_Mark# C@ole $J^r.,3.01621E+13,VI&SA 16 digit
1145,#johnny edwards,4.58273E+12,visa 16 dig+it
1146,Jennifer Cobb ,3540445822443907,VIS*A 16 d@igit
NA,Eliza)b%et)h Jordan,3.02913E+13,JCB 16 +digit 
1148,Chery_l Carney,4924767871056118784,Discover
1149,regina mccart%hy,NA,discover
1150,#David Thomp_son ,5.64242E+11,VISA! 1^9 digi%t
1151,J#amie Farley,4310794613977839,(V)ISA 16% digit
1152,Mar.tha #Sanfo*rd,3542074008787057,(VI!SA 13 digit
1153,Cynthia $Ford,4402669910987643392,Maestro
1154,Amy Price,4382462838406009,Disc-over
1155,Lorr(aine Jacks-on,3.01162E+13,&Maestro
1156,Melissa Horn,3.43421E+14,D!iscover
1157,(Melanie Roman MD,NA,VI)SA 16 di(git
1158,Wen$dy Wagner,4001079412640232,_Disco_ver
1159,Danielle Jon_es,NA,Di)scov+er 
1160,Mi(che%lle Wil_l)ia-ms,4265514621432451,NA
1161,Bryan Alvar$a$do,3544049008364329,JC$B 15 d#i+git
1162,Stace&y Yang,1.80017E+14,Maestro
1163,Dr. C@indy Gonzales,3550359122859992,NA
1164,Adam Hud#son,NA,VISA 19 digit
1165,#D.aniel Weber,1.80056E+14,Mastercard 
1166,Thomas! Turner,3501489746201238,JCB 16% digit 
NA,Robin Sullivan,4427678787537048576,D*in&ers _Club / Carte B)lanche
1168,Vanessa Carter,4742041350222450,D^iscove)r
1169,J%enn#ifer Ha+nsen,4989958706078454784,Disc$over 
1170,Julie Lloyd,2235509622808213,Discover
1171,Steven Jimen$ez,6.76126E+11,JCB @15 digit
1172,Donna T(hompson,6.76325E+11,American Expres&s
1173,Josep^h Blair,4502460754231158,D_iners Club / Ca.rte Blanche 
NA,Sa.m.antha Nelson,2277333807762437,Discov.er 
1175,NA,2.13167E+14,Ma!ste.rca&rd
NA,Misty Mason,3573717932091598,American Exp*res(s 
1177,Jenn*ifer .Diaz ,6.76381E+11,NA
1178,_Heather Gray,4.60186E+12,Discover
1179,Bi^anca( Brooks,4134697501029148,JCB 16 digit
1180,$Ki-mberly^ King,6.75934E+11,J%CB 16 di$gi$t
1181,^St^ac$e.y &Davis,1.80017E+14,VIS$A% 16 di!g&it
1182,.miss sandra eaton,3.65274E+13,!dis-cover
1183,Donna Brown,2.13144E+14,Discover
1184,C^al$eb Chan,3549969970734156,VISA 13 digit
1185,Katie Burnett,6557047304607364,VIS)A 16 digit
NA,@Jeff#ery Mccormick,3.43596E+14,NA
1187,&Richard (Arellano,3.70757E+14,Mastercard
1188,Angela Schneider,4065541368224520,JCB 16# digit
1189,Chri@stoph+er Myers,3521359150664989,V$ISA 16 di%git
1190,Michele Garcia,3.73878E+14,NA
1191,Mark (M-endoza,3.7676E+14,Diners C$lub / Carte Blanch$e
1192,Alex$a@nde$r Black#burn,3.03185E+13,VISA 19 d#igi^t
1193,Julian Fa.rr#ell,4205874698725325,NA
1194,Je#ssica $Jennings,3550474299977038,Disco+ve-r
NA,Mrs. Rebe@cca Leon,2426078559452154,VISA 16 digit
1196,NA,4469744406136944,Ma_e!stro
1197,Aaron- Taylor,3507402198307027,VISA 19 di@g#it 
1198,Marci*a Johnson ,3546600423797192,!JCB 1%6 digit
1199,David Canno$n,2.13129E+14,JCB 16 digit
1200,d&eborah walker,4460506840662971904,NA
1201,Kevin King ,2.13194E+14,Diners Clu_b( / Carte Blanche
1202,Amber Gilbert,4.3665E+12,JCB 15 digit
1203,Mr. Scott Logan,6.76282E+11,Maes!tro 
1204,Kerry Graham,NA,JCB 16 digi$t
1205,M-ELA!NIE TAYLOR,3.00301E+13,NA
NA,Jason Davis,NA,JCB+ 15 digit
1207,Et(han^ Simon,NA,Maste)rcard 
NA,Diane Nelson,1.80004E+14,NA
1209,Briann-a( Wood ,3537141986408688 ,Discover
1210,KATHLEEN ROBERTS,4649437584254810,JCB 15 DI*GIT 
1211,Melissa Brown,NA,JCB 15 dig^i@t 
1212,Kerry %Henderson,3.72465E+14,Diner_s# C!lub / Carte Blanche
1213,Tanya Mc^kinn^ey,4566340978724105728,American _Express
1214,Monica Jarvis,3530148148236359,_Mas#tercard
1215,John Pr_uitt,3.03119E+13,VISA 19 digi)t
1216,Renee Alexander ,NA,Ma@ste.r*card
1217,$Julie +Baker,4.78569E+12,JCB 15 d.igit
1218,Stephe^n_ Mu&noz,3560752260169356,Diners% +Club / Carte Blanche 
1219,Michelle _F@reder)ick,3560706766344970,Diners )Club &/ C!a!rte& Blanche
1220,katherine walker,4952467931970675712,vis-a 19 digit
1221,B)eth Dean,2268978061568044,_VISA 13 digit
1222,Alyssa Russell,4.652E+12,VISA 16 digit
1223,Travis Butler,60470004536,J#CB 15 digit
1224,Tara Jo)hnson ,4.77221E+12,NA
1225,Tr&acy Taylor,4.88329E+12,JCB 16 dig)it
1226,John Hart,2717965841064094,VISA 19 digi+t
1227,Tammy Powell,4497630656049596,Maestro
1228,NA,4507159587358833,Masterc+a+rd
1229,Stephanie Hardin,6559971254281755,!Ame!rican Express
1230,NA,2221585597940286 ,visa 16 digit
NA,Courtney @Ne#lson,2709607627070982,V!ISA 16* di$git 
NA,Toni Grimes,3509260300588621,VISA 19 digit
1233,Krista@ Tu^rner,NA,American Exp*ress
1234,@Leslie Harr.ington,3581274757287752,JC.B 1!5 (di^g)it
1235,Elizabeth Sum_mers,6.76257E+11,Ma_ster#card
1236,Erica Preston,3508783487620074,VISA 16 digit
1237,Beverly Harris,4405679965831880,V@IS^A 1!3 d%igit
1238,Ba+rbara Burns ,NA,Americ_an Express
1239,-christophe+r white,3.04047E+13,visa $13 di!g^it
1240,V&ictor Nixon,4318048013338887680,VISA 13 digit
1241,S*cott^ Williamson,3575009234511582,Discover 
1242,Elizabeth Ga&llagh+er,4.872936592424e+18 ,JCB) 16 dig)it
1243,Te)r(ry Me(ndez,4994220019331010,JCB 1_6 d#i$git
1244,Sus$an Romer$o,3.02509E+13,JCB 16 digit
1245,STACEY &BE_NNET$T,2299397856185273,J^CB 16 DIGIT 
1246,Erik White,60489626659,JCB 1#6 dig*it 
1247,NA,3565046257546634,J&CB^ 16 (digit
1248,Alyssa) Gu.t_ie+r.rez,3575651223187096,VISA^ 16 digit
1249,&And%rea Harris,4.84801E+12,VISA 1@6 digi@t
1250,)Taylor Reynol^ds,6543073719802231,JCB 1@6 di_git 
1251,Th+omas Moran,3529550663627271,VISA 16 digit
1252,Kurt Oconnor,1.80025E+14,Mae%stro
1253,NA,2449241530115190,visa 13 digit
NA,&Eugene( ^White,2.13138E+14,Mae-stro
1255,K-elly @Padilla,3516795102576895,VI(SA 16 *digit
1256,k@a+r)en jone(s,2364125790856372,visa 1$6 digit 
1257,CASSANDRA WEL(LS,2699333369894396,NA
1258,Jennifer Rivas,3.70562E+14,Am!erican Exp^ress
1259,Phillip S^m(ith,3.75417E+14,Maes!tro
1260,Step*hanie (Re@eve%s,4740782122420755,VIS&A 16 d-igit
1261,STEPHANIE MCLEAN,4.96014E+12,AMERICAN EXPRESS
1262,)Kry)stal Moon%ey,4943501818007295,VISA !16 digit
1263,BETH RAMIREZ,3591685035500070,JCB% 15 DIGIT
1264,William F$ischer,3585228241600943,NA
1265,Ch!ristopher #Melto(n,5.01856E+11,*Maestro
1266,CURTIS SANCHEZ,5.80967E+11,JC_B 16 DIG^I$T
1267,olivia hayes,5.60076E+11,visa 16 digit
NA,Brian !D.i@llon,4562536296200210,Americ%an Express
1269,#NAME?,4.05434E+12,NA
1270,)Terry Hughes,4375610366228836352,Maestro
1271,France.s M(artin,3518624743746733 ,VI_S*A 19 digit
1272,#NAME?,4.00515E+12,Am*erican! E^xpre(ss
1273,NA,4069276264644088320,American -Expr(ess
NA,Megan Dunca!n ,3.01239E+13,M%aste.rcard
1275,*CHARLES WILEY,4409731954921424,VIS-A_ 16 DIGIT
1276,ZAC&HAR^Y CLARK,2.13195E+14,VIS%A 19 DI(GIT
1277,Amy Edwards,4059959069524105,Mastercard
1278,Madison Evans,3544584979603115,@Maste!rcard
1279,Sandr(a Go@nza+lez,2.13136E+14,JCB 16 digit
NA,Patrick -Mathe+ws,2262059374664279,JCB 16 digit
1281,NA,6.7617E+11,Master-card
1282,Natha-n Si-mmons,6011944990008073,VI_SA 19- di_git 
1283,Meg$a(n Brewer,2.13163E+14,A%mer_ican Express
1284,Nicole Mathis,2260318015301655,VISA 19 digit 
1285,C#rys)tal $Mor$an,2720239769225680,American #Express
1286,Susan Anderson,4898864913624348,VISA 19 digit
1287,T!ravis Simmo*n+s ,4398285233087898,Amer)ican *Ex&press
1288,Kristen !Leblanc ,5.8556E+11,JCB@ 16 digit
1289,Nancy Chapman,3502583913095867 ,Discover
1290,S*ierra Th^ompson,6011515753508895,(VISA 19 dig.i.t
1291,Felicia Cohen,3.74947E+14,V.IS-A 19 digit
1292,Shari Hopkins,3594840477318187,VISA$ 19 %digit
NA,J&enn$ifer Holt ,4163542559196239,+JC+B 1@6 digi-t
1294,Kelly D+yer,NA,American E+xpress
1295,Jo#nathan R+a(y,4.26592E+12,VISA 19 digit
NA,Willia$m _Tapia,4.81219E+12,V)ISA 16 +digit
1297,&Jessica Men^doza,3.45041E+14,JCB 16 digit
1298,Cole Gonzalez,4335921645935177,VISA 19 digit
1299,Dean^na Johnson,3544099589206027,#JCB 16 digit
NA,NA,4452320574667975,VIS&A !16 digit 
1301,Bre*nda Alexande.r,2707493804202199,VISA 16 digit
1302,Shawn Welc)h,4059761436416605,Maestro
1303,Terr-y Bauer,2713481996114605,JCB +16 digit
1304,M_eli#s$sa Henderson ,2247819808359022,#NAME?
1305,Christop#he_r Parker ,2.13124E+14,@American Ex&pre)s#s
1306,NA,2.13174E+14,Maestro
1307,Shann$on Smith,4543725227769914,JCB 15 digit
1308,Beth Hes+s,6517662505470641,Master!c_a&rd 
1309,Kristen Riley ,3.4133E+14,VISA *13 digit
1310,Ashley_ Dalton,4568007531531169,NA
1311,NA,4102275294371189,JCB 15 digit
1312,Susan Hendricks,NA,V-ISA@ 13 digit 
1313,Bryan Nguyen,3553143841564852,VISA 16 d)igit
1314,!Marcus Romero,4.6403E+12,VISA 13 digit
1315,Mary Holme.s,2242931693879900,JCB 16 digit
1316,Br^enda $Morales,4.58094E+12,VISA 19 digit
1317,Kelly Ca)rt)er,3531141953424946,Din%ers Club / C$ar#te+ Blanche
1318,Kristi) ^Singh,NA,VISA^ 16 !digit
1319,Jeffery Ward,3556012040647775,VISA 19 +digit 
1320,Lisa Bauer,2.13129E+14,Maestro
1321,Julie Faulkner,4942372534167933952,J+CB 16 digi.t
1322,glenn may,4754356748474786,jc!b 16. digit 
1323,*Jamie #Carlson,6.76276E+11,^VIS(A 13 digit
1324,Robin S#h#ield#s,4.68794E+12,@JCB 16 digit
1325,AMANDA REYNOLDS,6506831807131259,JCB 15 DI$GIT
1326,C^a@rrie Alvara%do,3.41779E+14,JCB 16 digi%t
1327,L_isa Tho^mp^son,2274320141054947,M-aestro
1328,^Nicole Elli^ott,4833191059459160064,Mastercard
1329,+Elizabe%th Hobbs,NA,American Expre_ss
1330,Kennet&h Bishop,4.53497E+12,VISA 16 digi%t
1331,Stephanie Jac)kson,2285356851718393,American Exp%ress
1332,D^eann#a #Leonard,6.39066E+11,VISA 19 )digit
1333,Cindy Moor*e,1.80046E+14,Mae)stro 
1334,Nicole ^Brewer,6576081529669682,JCB 16 d^ig)it
1335,Dana& Gomez,4475706387516529,#VISA 16 digit
NA,NA,4988004913835443200,VISA 16 d@igit
1337,#JAMES GARCIA,NA,NA
1338,Dr. Nicole Cl^ark ,4037132555929165,American Express
1339,Jason W!ell@s,5.68912E+11,-VISA+ 13 d&igit
NA,Reg*inald .Ri-c-hardson,5.67847E+11,VISA -19 digit
1341,Lauren &Cross,4159334459077568512,VISA 16 digit
1342,JACOB GRA)NT,4649995110706074 ,VISA 13 DIGIT
1343,Rober&t Roy,6011804407166106,VISA 16 digit
1344,Summer )Thomas,3.0214E+13,VISA )16 digit
NA,Sean Wil-lis ,4461507732359441,JCB $1#6 dig&it 
1346,P%eter Shaff&er,4677922455675636,VISA .19 digit
1347,Cath#erine Wallace,4514735076772047872,Maestr%o
1348,William Cart)er,6535540970992265,VISA 16 d-igi(t 
1349,Carrie Ho,4478693359952300544,Mastercard
1350,Rut*h# Cole,3.02211E+13,JCB 16 digit
NA,Carla Jensen,4.15149E+12,JCB 15 di^git
1352,Melissa Go$nzales,3.0192E+13,JCB 15 digit
1353,Rachel Phillips,5433022335012589,VISA 1&6 digit
1354,NA,4.97946E+12,@Maestro
1355,El^izab%eth Elli+ott,3.72219E+14,Diner+s Club@ / Carte Bl%anch_e
1356,Vinc)ent+ *Fre&nch,6560065388331136,Discover
NA,Sara Ree#s$e ,2.13106E+14,JCB 16 .digit
1358,Danielle Green,4631009477905665,VISA 19* digit
1359,Katheri$ne Stephens,4951188007456381,VISA 16 &digit
1360,Kristen $Carter,6583557843124349,Diners $Club / Carte Blanche
1361,NA,4483668832473138,Mast@ercard
1362,Christopher Ri_vera,4223053363628567552,NA
1363,Mig)uel Stan!ley,4407610191360929792,JCB 16. digit
1364,kristen$ ca*rter,4775778917490225,diners club / c)arte* b$lanche
1365,kristina brown,NA,jcb 1(6 digit
1366,Ashley Ale!xander,6547621205443096,VISA 16+ digi)t
1367,K+imberl*y ^Tuck^er ,NA,Diners C.lub /* Carte Blanche
1368,Bria(n Moor&e,3.75768E+14,JCB 16 digit
1369,Cindy %Martinez,3573725783662391,Diners^ Club$ / Carte Blanche
1370,Brenda Kline MD,4490979890250457600,VISA 13 digit
1371,Ca@rly Lee,6506398553804752,VISA 13 digit
1372,NA,4311935852294654,(VISA 1!6 digit
1373,Debra Al^len,4807383285773914,JCB 15 digit
1374,PAT&TY R#OWLAND,4580910889581674,NA
NA,Emma Pierce,3592768649274669 ,Maestro
1376,Angela Navarro,3.77205E+14,Master&card
1377,#Case(y Rodriguez,3505425440195975,Discov^er
1378,NA,1.80077E+14,VISA 16 digit
1379,Tam_my Montgomery ,1.8002E+14,V%I_SA 16 d+i@git
1380,Holly )Brown,5.76235E+11,VISA 16 digit
1381,NA,4931866242934983680,VISA 16 digit
1382,Nicole Zhang,6011275659150447,VISA 1_3 digit
NA,Katherine Matthews ,4.23003E+12,Mast$erc$ard
1384,Michelle Evans,3586720335955323,VI-SA &16 digit 
1385,Todd Pow)ell,3521949212191763,Maestro
1386,Mat!thew Sal+as,4528488156815344,JCB 16 digit
1387,Sara M_orales,4854808052854283,VISA 13 digi-t
1388,Patricia Castro,NA,Maes_tro
1389,NA,1.80056E+14,VISA 19 digit
1390,R!icky Hatfield,4237854875622498816,VISA 1*9 digit
1391,Raymo-nd Carter,6011162805929025,Diners_ C*lub / Carte B!l(a#nc$he
1392,Sarah Phillips,3545781676368161,JCB ^16 digit
1393,Terri Munoz,4732498750456264,JCB 16 digit
1394,Bonnie Smith,2.13187E+14,NA
1395,susan mil!ler dvm ,2.13108E+14,ameri-ca%n expre%ss
1396,De.n_ise Wr&ight,1.80074E+14,Mastercard
1397,danielle jones,6.76281E+11,am)erican e+xpress
1398,Michelle( Lee ,4543825949928757248,NA
1399,*Curtis Brow^n,3525532014887766,VISA 16 digit
1400,M_ark Tor+res,3590401583868138,VISA -13 digit
1401,Kaitlin. Lee,6011395958179978,J^CB 16 digit
1402,Rachel Rob(inson,6011199022607950,*VISA 1!6 digit
1403,NA,6.75913E+11,Ameri*can Express
1404,#Ki$m Cont&r^eras,3579225916922949,JCB 16 digit
NA,K*imber+ly) George,3571356708111108,JCB 16 digit 
NA,K+elli Brown,2.1311E+14,Mae(stro
1407,&William Flynn ,3.70951E+14,!VISA 16 d&igit
1408,Anne Ander&son ,3538801984348694,Dis+cover
1409,Kyle Mon@roe,5.84062E+11,VISA 1@9 digit
1410,ANDR(E. CU_RT#IS,3533235580930123,VISA# 16 DIGIT
1411,%Charles To$dd,4.9658E+12,Mast-ercard
1412,Stephanie Nicho*l.s,4519422370048532,VISA 16_ digit
1413,Dan!a !Sanders,4000259105315869,^VISA 16 di)git
NA,Amanda Thomas,2.13102E+14,Maes$tro
1415,Nathan Grant MD,3545419692700980,NA
1416,Suzanne Cochra!n,4594152348293682 ,Maestro
1417,CARRIE #R!AMOS,3.79813E+14,AMERICAN EXPRES^S
1418,Alexand#r!a Morris,6559679665952456 ,M$asterca*r.d
1419,Dr. Mela&nie^ H*e-ndrix,4689042072418728,VISA 16 dig*it
1420,Stephan-ie_ Warner,4378159112607288,JCB 15 &digit
1421,Olivia Davidson,3.76022E+14,JCB )15 digit
1422,thomas walker,6011518131317385,a.merica-n express
1423,Crystal Murray,NA,VISA 16 digit
1424,Ke+lly& G)regory,4029267422169734,Discover
1425,Olivia Hendrix,NA,Diner_s Club / @Carte Blanche
1426,Meli^ssa Jones,6011585938821406 ,NA
1427,NA,1.80012E+14,VI^SA 13( digit
1428,#NAME?,4939699559235822,VISA 16 d+igit
1429,Z_ac_ha$r^y_ Raymond,3533884372774429,M@astercard
1430,!Claud&ia Ma^rtinez,3.81917E+13,J$C#B 15% di*gi^t
1431,KEVIN KING,NA,-JCB 15 DIGIT
1432,NA,NA,NA
1433,NA,3513318619675648,Discover
1434,John Tucker,4131748921133722,Ame)rican Expr)e^ss
1435,Dr. Julie Cuevas,3.79882E+14,JCB 15 d(igit
1436,lauren williams,3.02277E+13,mastercard 
1437,LAUR!A BERG,3588561806727454,VISA 19 DIG^IT
1438,Sus_an %Bryant ,4208859166764580,!JCB 16 d.igit
1439,Natasha Peterson,3556235070325562 ,Diners Club / C#ar-te Blanche
1440,D@orot$h_y- Johnson,3.60664E+13,A@me+ri.can Ex$press
1441,.Kevin Brown,4473567703766426,JCB- 16 digit
1442,Terri Henry,6.7597E+11,+D%isc$over
1443,Chri&stian Miller,5264898524817290,VISA^ 13 d.igit
1444,NA,4.57413E+12,American Expre$ss
1445,Britt$any& Franklin,5.79928E+11,JCB 15 d*ig%it
1446,N#icole- Morgan,2280469015095882,JCB *1_6 digit
1447,Janet O+brien,3.0329E+13,%VISA 16 digit
NA,Gina Burnett,4813605415980585,V#ISA $13 digit
1449,K#ent Baker,2.13183E+14,V#ISA^ 13 di!git
NA,Con%nie Lo&pez,4.64802E+12,VISA 19 digit
1451,Andrea^ Joseph MD,3513019092932478,Americ&an +Express
1452,Gail Wrig@ht,3575423507664566,NA
1453,Rebekah Rasmus+sen,2.13193E+14,Din)ers Cl_ub / Carte* B&lanche 
1454,Mo_nica Jackson,4440143031949439,JCB 16 d%igi!t
1455,Ch+risti+n_a P$arks,4926352082929840128,Ameri.can Exp&r*ess
NA,*Micha_el Hansen,2555767579041103 ,Amer(ican Ex.pres$s
1457,Macken)zie You+n(g ,NA,Diners Club /+ Carte. Bl$anc!he
1458,NA,4754640761992653,visa 19 digi*t
1459,Danielle Herrera,3544006648528960,Maestr&o
1460,John Jennings ,4784616735941380096,American E(xpress
1461,Heathe+r Lane,NA,American Exp$re_ss 
1462,NA,2720453912157415,JCB 16 digit
1463,El(izabe-th %Barnes,6.76161E+11,JCB (16% digit
1464,Andrea@ Mo&ran,NA,VISA 16 digit
1465,Julie Grant,4.23416E+12,A_m.er#ican ^Exp%r-ess
1466,_Carolyn Hodges,3527652597648134,VISA 16 digi#t
1467,JAM*IE MURPHY,2.13198E+14,VI_SA@ 13 DIGIT 
1468,James N(guyen,NA,_Disc^over
1469,adrienne !scott,3530641677047767,jcb 15 digi+t
1470,#NAME?,2507172643219752,VI&SA 19 digit
1471,Lindsey Cook,4598156984240283,A%merican Express
1472,James Peterso^n,6.7628E+11,Mast@ercard 
1473,Ma$tt^hew Johns*on,3.72693E+14,JCB 16 @digit
NA,NA,4513214044451929,VISA 16 d.i&git
1475,ALEXANDER PAYNE,6.76213E+11,VIS$A 16 DIGIT
1476,A@nthony Powers,4402202271353425,Mastercard
1477,Ed+ward Ball,5469134261777940,VISA _19 dig.i(t
1478,john *lambert ,5138729647572617,NA
1479,ca#roly_n -jenki(ns,4398564058755791,maestr$o 
NA,James Whit^e,4893563729790765,NA
1481,Ronald Barber,3.85251E+13,VIS*A 16 digit
NA,NA,3532080468389609,Ame)rican* ^Express
1483,Bianca (R&o+b!i*nson,4996553073700963328,D)iscover
NA,Leslie^ Everett ,3.01342E+13,VISA( 1_3 digit
1485,lisa. fox,NA,jcb 16 digit
1486,Thomas P-oole ,3.02051E+13,JCB 15 di@g)it
1487,Tony R-ober&ts,6011083209188614,Mastercard
1488,ERIC SHELTON,4214845101671966,DI#SCO(VER
1489,Ni@cho)las Mccarthy,6518606735010908,VISA 13 digit
1490,Victor Daniels,2706974810364769,M)aest$ro
1491,NA,2.13142E+14,JCB 15 digit
1492,NA,1.80015E+14,VISA& ^1#6 digit
NA,Kathleen Gilmore,NA,^Mae*stro
1494,Amy# Murphy,6.76112E+11,.JC$B 16 digit
1495,Barbara Herrera ,4910619965166281,NA
1496,*Michael Sul_liv(an,NA,JCB 15 digit
1497,R*and$y Garret^t,4.32419E+12,VISA 16 d%igit 
1498,Joyce J#ones,1.80065E+14,Di&scover
1499,Charles Black,2257540916969620,NA
1500,!C.hris%tine Dillon,3.01066E+13,Maestro
1501,Debbi$e James,6528942574438936,Disco*v(e*r
1502,NA,NA,JCB 16! digit
1503,bryan thornton,4121223197829603,discove$r
1504,Matthew Griffi.n,1.80076E+14,VISA! 13& digit
1505,Jus%tin Mitchell,6.30478E+11,VISA 1-9 digit
1506,Gre-gory Graham,3.76338E+14,Masterca#rd
1507,NA,3521001127283416,VISA &13 digit
1508,M^onica Johnson,4165292266899679,JCB 16 digit
1509,J.amie Wil.liams,6.39081E+11,JCB 16 digi^t
1510,Susan Dunn,6.75924E+11,VI.SA 16 digit
1511,Barb.ara Fr_anco,4.14789E+12,V@ISA 19 dig(it
1512,Me_lin&da B&rown,2273301597904794,&A-mer&ican Express
1513,Kimber^ly *Willia*ms,2.13182E+14,VISA (19$ digit
1514,#NAME?,3.4879E+14,VISA #13 digit 
1515,Mar&garet $Booker,3.00069E+13,Diners( Club / .Carte Bl+an-c*he
1516,NA,3.48731E+14,VISA 16 digit
1517,NA,1.80075E+14,VISA 13 di-git
1518,Dr. Elizabeth Vel(ez,2.13157E+14,American E+xp_ress
1519,NA,4613428975942578,&Maestro
1520,Sea.n Cooke PhD,4.89378E+12,Ameri)can Express
1521,Mrs.@ Diana Evans,3.45075E+14,Maestro
1522,Brian B)ir^d,3511836213393013,NA
1523,Shannon Crawford,3578625703808295,VI^SA 19 di#git
1524,NA,3573035667407735,Ma#stercard
1525,NA,2244733061161483,Di#ne_rs Club( / Cart.e Blan#che
1526,Mol*ly Ramire%z,6547982329580738,$VIS#A 16 digi_t
NA,NA,3573616223181920,VISA 13 digit
1528,julie ^j#ensen,4262764485096990,NA
1529,Ce@sa!r Lop.ez ,3591537558390001 ,Maestro
1530,Debra Larson,3.46601E+14,_JC&B 16. digit
1531,KELLY MAHONEY,4626613347518365696,NA
1532,A(nna Coffey,5.68865E+11,Discover
1533,Luke Lee,3587160609533564,Maestro 
1534,Jami^e Ch&avez ,NA,NA
1535,Robert G*iles,4926046994383350 ,Maste)rc&ard
1536,Laura Perkins,2.13102E+14,)JCB 15 digit
1537,Re)becca Perez,3514117028939861,JCB .16 digit
1538,NA,4558068038249699 ,Mastercar+d
1539,#NAME?,3.72987E+14,JCB .1_6 _digit
1540,Brand%on D@elacruz,4998639125956186,Mas@tercard
1541,Cheryl Carter DDS,3.01185E+13,(Maestro
1542,P#aige Scott,4889198847399300,D*iscover
1543,Mel+issa Jones,2.13171E+14,JCB $16 digit
1544,*Justin Rogers,2298563010041634,NA
NA,Haley Oliver ,3.40234E+14,Mast)ercard
1546,Mich^elle Patterson,4355045661970465,VIS(A 1.9@ digit
1547,thoma!s white ,1.80095E+14,visa. $16 digi_t
1548,Joh(n Stephens,3.01438E+13,(VISA 13 di(git
1549,Dougla#s Jacobson,NA,VISA 16 digit
1550,William -Edwards,3.78777E+14,Ame$rican -Express
1551,Donna Walker,3590021663111975,Maestro
1552,NA,3549476968167852,.A!meri^can Ex(pre@ss
1553,Chr!is*ti&n_a- Cummings _DDS ,6558880821659248 ,JCB 16 di+git
1554,Karen Le#on!a&rd ,NA,Discover
1555,NA,4630417897562753,VISA 19 di-git
1556,Laura Ellis,1.80058E+14,*JCB 15 digit 
1557,John W-ilson,2630883744319487,JCB 16 digi!t
1558,NA,4931832878185488384,$Maestr#o 
1559,NA,4212041327145181,Am.er@ican Exp@r_es&s
1560,Alyssa G!alvan ,6.30482E+11,VISA 19& d*igit
1561,Sa*ndra Mas$sey,4364792291843666,Diners *Club / Carte Blanche
1562,Curtis .Smit%h^ P)hD,3.76435E+14,Mastercar+d
NA,Larry Key,4779952301955178 ,Maste!rcard
1564,mich!ele s&impson phd,2.13114E+14,NA
1565,Jessica* S^ol+is,3.00229E+13,JCB 16 digit
1566,Ashl+ey Warren,NA,V@ISA 16 d%igit
1567,Dawn Lopez,6.7594E+11,Diners Club / Carte Blanche
1568,Brandy( Griffin,3525099765150372,Maest+r@o
1569,Moni#ca Rob&les,4377244327506425,VISA 16 digi@t
1570,Karen R*obles ,4700339387535070208,JCB 15 ^digit
1571,Thomas Haynes,60477074292,Discover
1572,Christopher White,NA,^Mastercar^d
1573,Vict#oria Jones,3.48071E+14,NA
1574,Kim Jone$s,6534302224113680,VI$SA 16 di&git
1575,Tyle*r Harvey,3587291903192904 ,VIS)A 16 digit
1576,Em.ily ^A.dams,3.82862E+13,JCB 16 di(git
1577,Jen-n&ifer Weber,3584967203632268,NA
1578,Kara Vasq-uez ,4.04674E+12,JCB 16 digit
1579,NA,4.16404E+12,VISA( 13 digit
1580,Amb@er Hill,4175991066489023 ,NA
NA,Jennifer( Lawson,4465388166504273,VIS$A 16 digit
1582,_Gabr@iel Kennedy,2.13101E+14,Maestro 
1583,MARISSA HALL,3573985063315066 ,VISA 16 DIGIT
1584,Laura- Hill,1.80032E+14,VI%SA .13 digi%t
1585,Donald Phi.lli(ps,6.75982E+11,VISA 16 -digi$t
1586,Amanda Wi_l+lis,4180375946438819,Ma)stercard
1587,Heather Smith,4078843455127375 ,VIS_A 13 digit
1588,Kelly Garza,4737627599837582,Mas$tercard
1589,NA,3.46816E+14,VISA! 13 digit
1590,LISA MILLER,6579821072663930 ,VIS(A 16 D^IGIT
1591,(Joshua .Ga&rci^a,4321445198209917440,VISA 19 digit
1592,Mr. Ryan Bu)sh &MD,NA,Disc+over
1593,&Julia Meye&r,6011545192098661,J)CB^ 16 digit
1594,Justin Richard,4705633755266317,Ma(estro
1595,Timot%hy Walk$er,NA,Diners Cl)ub / Carte !B@lanch-e
1596,Marga#re!t Nelson,4229199486713113088,JCB 15 digi_t
1597,Lindsay Gonzalez,2.13133E+14,VISA 13 digit
